id,page,order,purpose,sourceUrl,calibrationPath,replacementPath,sourceWidth,sourceHeight,format,status,notes
ch01-001,/wb-x/第一篇 使用手册：先把 WorkBuddy 用起来/第 1 章 初识 WorkBuddy/,1,第 1 章 初识 WorkBuddy — image 1,https://workbuddy.homes/bluebook/%E7%AC%AC%E4%B8%80%E7%AF%87%20%E4%BD%BF%E7%94%A8%E6%89%8B%E5%86%8C%EF%BC%9A%E5%85%88%E6%8A%8A%20WorkBuddy%20%E7%94%A8%E8%B5%B7%E6%9D%A5/%E7%AC%AC%201%20%E7%AB%A0%20%E5%88%9D%E8%AF%86%20WorkBuddy/assets/001_image_Ve9kbu40Eo.png,/article-assets/source-calibration/ch01/001.png,/article-assets/replacements/ch01/001.png,3456,1994,png,awaiting-replacement,
ch01-002,/wb-x/第一篇 使用手册：先把 WorkBuddy 用起来/第 1 章 初识 WorkBuddy/,2,第 1 章 初识 WorkBuddy — image 2,https://workbuddy.homes/bluebook/%E7%AC%AC%E4%B8%80%E7%AF%87%20%E4%BD%BF%E7%94%A8%E6%89%8B%E5%86%8C%EF%BC%9A%E5%85%88%E6%8A%8A%20WorkBuddy%20%E7%94%A8%E8%B5%B7%E6%9D%A5/%E7%AC%AC%201%20%E7%AB%A0%20%E5%88%9D%E8%AF%86%20WorkBuddy/assets/002_image_IaB9bqqj6o.png,/article-assets/source-calibration/ch01/002.png,/article-assets/replacements/ch01/002.png,2896,1906,png,awaiting-replacement,
ch01-003,/wb-x/第一篇 使用手册：先把 WorkBuddy 用起来/第 1 章 初识 WorkBuddy/,3,第 1 章 初识 WorkBuddy — image 3,https://workbuddy.homes/bluebook/%E7%AC%AC%E4%B8%80%E7%AF%87%20%E4%BD%BF%E7%94%A8%E6%89%8B%E5%86%8C%EF%BC%9A%E5%85%88%E6%8A%8A%20WorkBuddy%20%E7%94%A8%E8%B5%B7%E6%9D%A5/%E7%AC%AC%201%20%E7%AB%A0%20%E5%88%9D%E8%AF%86%20WorkBuddy/assets/003_image_Idhdsahdl.png,/article-assets/source-calibration/ch01/003.png,/article-assets/replacements/ch01/003.png,2726,1814,png,awaiting-replacement,
ch02-001,/wb-x/第一篇 使用手册：先把 WorkBuddy 用起来/第 2 章 WorkBuddy的下载、安装、登录与更新/,1,第 2 章 WorkBuddy的下载、安装、登录与更新 — image 1,https://workbuddy.homes/bluebook/%E7%AC%AC%E4%B8%80%E7%AF%87%20%E4%BD%BF%E7%94%A8%E6%89%8B%E5%86%8C%EF%BC%9A%E5%85%88%E6%8A%8A%20WorkBuddy%20%E7%94%A8%E8%B5%B7%E6%9D%A5/%E7%AC%AC%202%20%E7%AB%A0%20WorkBuddy%E7%9A%84%E4%B8%8B%E8%BD%BD%E3%80%81%E5%AE%89%E8%A3%85%E3%80%81%E7%99%BB%E5%BD%95%E4%B8%8E%E6%9B%B4%E6%96%B0/assets/001_image_GGeabJkE2o.png,/article-assets/source-calibration/ch02/001.png,/article-assets/replacements/ch02/001.png,3456,1744,png,awaiting-replacement,
ch02-002,/wb-x/第一篇 使用手册：先把 WorkBuddy 用起来/第 2 章 WorkBuddy的下载、安装、登录与更新/,2,第 2 章 WorkBuddy的下载、安装、登录与更新 — image 2,https://workbuddy.homes/bluebook/%E7%AC%AC%E4%B8%80%E7%AF%87%20%E4%BD%BF%E7%94%A8%E6%89%8B%E5%86%8C%EF%BC%9A%E5%85%88%E6%8A%8A%20WorkBuddy%20%E7%94%A8%E8%B5%B7%E6%9D%A5/%E7%AC%AC%202%20%E7%AB%A0%20WorkBuddy%E7%9A%84%E4%B8%8B%E8%BD%BD%E3%80%81%E5%AE%89%E8%A3%85%E3%80%81%E7%99%BB%E5%BD%95%E4%B8%8E%E6%9B%B4%E6%96%B0/assets/002_image_HaXcbwaJXo.png,/article-assets/source-calibration/ch02/002.png,/article-assets/replacements/ch02/002.png,1906,522,png,awaiting-replacement,
ch02-003,/wb-x/第一篇 使用手册：先把 WorkBuddy 用起来/第 2 章 WorkBuddy的下载、安装、登录与更新/,3,第 2 章 WorkBuddy的下载、安装、登录与更新 — image 3,https://workbuddy.homes/bluebook/%E7%AC%AC%E4%B8%80%E7%AF%87%20%E4%BD%BF%E7%94%A8%E6%89%8B%E5%86%8C%EF%BC%9A%E5%85%88%E6%8A%8A%20WorkBuddy%20%E7%94%A8%E8%B5%B7%E6%9D%A5/%E7%AC%AC%202%20%E7%AB%A0%20WorkBuddy%E7%9A%84%E4%B8%8B%E8%BD%BD%E3%80%81%E5%AE%89%E8%A3%85%E3%80%81%E7%99%BB%E5%BD%95%E4%B8%8E%E6%9B%B4%E6%96%B0/assets/003_image_Ehpebt4Eso.png,/article-assets/source-calibration/ch02/003.png,/article-assets/replacements/ch02/003.png,1295,870,png,awaiting-replacement,
ch02-004,/wb-x/第一篇 使用手册：先把 WorkBuddy 用起来/第 2 章 WorkBuddy的下载、安装、登录与更新/,4,第 2 章 WorkBuddy的下载、安装、登录与更新 — image 4,https://workbuddy.homes/bluebook/%E7%AC%AC%E4%B8%80%E7%AF%87%20%E4%BD%BF%E7%94%A8%E6%89%8B%E5%86%8C%EF%BC%9A%E5%85%88%E6%8A%8A%20WorkBuddy%20%E7%94%A8%E8%B5%B7%E6%9D%A5/%E7%AC%AC%202%20%E7%AB%A0%20WorkBuddy%E7%9A%84%E4%B8%8B%E8%BD%BD%E3%80%81%E5%AE%89%E8%A3%85%E3%80%81%E7%99%BB%E5%BD%95%E4%B8%8E%E6%9B%B4%E6%96%B0/assets/004_image_LG3MbcWpvo.png,/article-assets/source-calibration/ch02/004.png,/article-assets/replacements/ch02/004.png,490,378,png,awaiting-replacement,
ch02-005,/wb-x/第一篇 使用手册：先把 WorkBuddy 用起来/第 2 章 WorkBuddy的下载、安装、登录与更新/,5,第 2 章 WorkBuddy的下载、安装、登录与更新 — image 5,https://workbuddy.homes/bluebook/%E7%AC%AC%E4%B8%80%E7%AF%87%20%E4%BD%BF%E7%94%A8%E6%89%8B%E5%86%8C%EF%BC%9A%E5%85%88%E6%8A%8A%20WorkBuddy%20%E7%94%A8%E8%B5%B7%E6%9D%A5/%E7%AC%AC%202%20%E7%AB%A0%20WorkBuddy%E7%9A%84%E4%B8%8B%E8%BD%BD%E3%80%81%E5%AE%89%E8%A3%85%E3%80%81%E7%99%BB%E5%BD%95%E4%B8%8E%E6%9B%B4%E6%96%B0/assets/005_image_CMvYbYWFOo.png,/article-assets/source-calibration/ch02/005.png,/article-assets/replacements/ch02/005.png,506,361,png,awaiting-replacement,
ch02-006,/wb-x/第一篇 使用手册：先把 WorkBuddy 用起来/第 2 章 WorkBuddy的下载、安装、登录与更新/,6,第 2 章 WorkBuddy的下载、安装、登录与更新 — image 6,https://workbuddy.homes/bluebook/%E7%AC%AC%E4%B8%80%E7%AF%87%20%E4%BD%BF%E7%94%A8%E6%89%8B%E5%86%8C%EF%BC%9A%E5%85%88%E6%8A%8A%20WorkBuddy%20%E7%94%A8%E8%B5%B7%E6%9D%A5/%E7%AC%AC%202%20%E7%AB%A0%20WorkBuddy%E7%9A%84%E4%B8%8B%E8%BD%BD%E3%80%81%E5%AE%89%E8%A3%85%E3%80%81%E7%99%BB%E5%BD%95%E4%B8%8E%E6%9B%B4%E6%96%B0/assets/006_image_Wujkbd9eTo.png,/article-assets/source-calibration/ch02/006.png,/article-assets/replacements/ch02/006.png,495,362,png,awaiting-replacement,
ch02-007,/wb-x/第一篇 使用手册：先把 WorkBuddy 用起来/第 2 章 WorkBuddy的下载、安装、登录与更新/,7,第 2 章 WorkBuddy的下载、安装、登录与更新 — image 7,https://workbuddy.homes/bluebook/%E7%AC%AC%E4%B8%80%E7%AF%87%20%E4%BD%BF%E7%94%A8%E6%89%8B%E5%86%8C%EF%BC%9A%E5%85%88%E6%8A%8A%20WorkBuddy%20%E7%94%A8%E8%B5%B7%E6%9D%A5/%E7%AC%AC%202%20%E7%AB%A0%20WorkBuddy%E7%9A%84%E4%B8%8B%E8%BD%BD%E3%80%81%E5%AE%89%E8%A3%85%E3%80%81%E7%99%BB%E5%BD%95%E4%B8%8E%E6%9B%B4%E6%96%B0/assets/007_image_V9L2bhWF2o.png,/article-assets/source-calibration/ch02/007.png,/article-assets/replacements/ch02/007.png,499,360,png,awaiting-replacement,
ch02-008,/wb-x/第一篇 使用手册：先把 WorkBuddy 用起来/第 2 章 WorkBuddy的下载、安装、登录与更新/,8,第 2 章 WorkBuddy的下载、安装、登录与更新 — image 8,https://workbuddy.homes/bluebook/%E7%AC%AC%E4%B8%80%E7%AF%87%20%E4%BD%BF%E7%94%A8%E6%89%8B%E5%86%8C%EF%BC%9A%E5%85%88%E6%8A%8A%20WorkBuddy%20%E7%94%A8%E8%B5%B7%E6%9D%A5/%E7%AC%AC%202%20%E7%AB%A0%20WorkBuddy%E7%9A%84%E4%B8%8B%E8%BD%BD%E3%80%81%E5%AE%89%E8%A3%85%E3%80%81%E7%99%BB%E5%BD%95%E4%B8%8E%E6%9B%B4%E6%96%B0/assets/008_image_DjcGbKYJSo.png,/article-assets/source-calibration/ch02/008.png,/article-assets/replacements/ch02/008.png,496,359,png,awaiting-replacement,
ch02-009,/wb-x/第一篇 使用手册：先把 WorkBuddy 用起来/第 2 章 WorkBuddy的下载、安装、登录与更新/,9,第 2 章 WorkBuddy的下载、安装、登录与更新 — image 9,https://workbuddy.homes/bluebook/%E7%AC%AC%E4%B8%80%E7%AF%87%20%E4%BD%BF%E7%94%A8%E6%89%8B%E5%86%8C%EF%BC%9A%E5%85%88%E6%8A%8A%20WorkBuddy%20%E7%94%A8%E8%B5%B7%E6%9D%A5/%E7%AC%AC%202%20%E7%AB%A0%20WorkBuddy%E7%9A%84%E4%B8%8B%E8%BD%BD%E3%80%81%E5%AE%89%E8%A3%85%E3%80%81%E7%99%BB%E5%BD%95%E4%B8%8E%E6%9B%B4%E6%96%B0/assets/009_image_Q0l3bAkUPo.png,/article-assets/source-calibration/ch02/009.png,/article-assets/replacements/ch02/009.png,800,496,png,awaiting-replacement,
ch02-010,/wb-x/第一篇 使用手册：先把 WorkBuddy 用起来/第 2 章 WorkBuddy的下载、安装、登录与更新/,10,第 2 章 WorkBuddy的下载、安装、登录与更新 — image 10,https://workbuddy.homes/bluebook/%E7%AC%AC%E4%B8%80%E7%AF%87%20%E4%BD%BF%E7%94%A8%E6%89%8B%E5%86%8C%EF%BC%9A%E5%85%88%E6%8A%8A%20WorkBuddy%20%E7%94%A8%E8%B5%B7%E6%9D%A5/%E7%AC%AC%202%20%E7%AB%A0%20WorkBuddy%E7%9A%84%E4%B8%8B%E8%BD%BD%E3%80%81%E5%AE%89%E8%A3%85%E3%80%81%E7%99%BB%E5%BD%95%E4%B8%8E%E6%9B%B4%E6%96%B0/assets/010_image_TmYPbu7Ibo.png,/article-assets/source-calibration/ch02/010.png,/article-assets/replacements/ch02/010.png,1764,872,png,awaiting-replacement,
ch02-011,/wb-x/第一篇 使用手册：先把 WorkBuddy 用起来/第 2 章 WorkBuddy的下载、安装、登录与更新/,11,第 2 章 WorkBuddy的下载、安装、登录与更新 — image 11,https://workbuddy.homes/bluebook/%E7%AC%AC%E4%B8%80%E7%AF%87%20%E4%BD%BF%E7%94%A8%E6%89%8B%E5%86%8C%EF%BC%9A%E5%85%88%E6%8A%8A%20WorkBuddy%20%E7%94%A8%E8%B5%B7%E6%9D%A5/%E7%AC%AC%202%20%E7%AB%A0%20WorkBuddy%E7%9A%84%E4%B8%8B%E8%BD%BD%E3%80%81%E5%AE%89%E8%A3%85%E3%80%81%E7%99%BB%E5%BD%95%E4%B8%8E%E6%9B%B4%E6%96%B0/assets/011_image_UlJcbVqX7o.png,/article-assets/source-calibration/ch02/011.png,/article-assets/replacements/ch02/011.png,1080,760,png,awaiting-replacement,
ch02-012,/wb-x/第一篇 使用手册：先把 WorkBuddy 用起来/第 2 章 WorkBuddy的下载、安装、登录与更新/,12,第 2 章 WorkBuddy的下载、安装、登录与更新 — image 12,https://workbuddy.homes/bluebook/%E7%AC%AC%E4%B8%80%E7%AF%87%20%E4%BD%BF%E7%94%A8%E6%89%8B%E5%86%8C%EF%BC%9A%E5%85%88%E6%8A%8A%20WorkBuddy%20%E7%94%A8%E8%B5%B7%E6%9D%A5/%E7%AC%AC%202%20%E7%AB%A0%20WorkBuddy%E7%9A%84%E4%B8%8B%E8%BD%BD%E3%80%81%E5%AE%89%E8%A3%85%E3%80%81%E7%99%BB%E5%BD%95%E4%B8%8E%E6%9B%B4%E6%96%B0/assets/012_image_LtqPbQ2z6o.png,/article-assets/source-calibration/ch02/012.png,/article-assets/replacements/ch02/012.png,1688,1154,png,awaiting-replacement,
ch02-013,/wb-x/第一篇 使用手册：先把 WorkBuddy 用起来/第 2 章 WorkBuddy的下载、安装、登录与更新/,13,第 2 章 WorkBuddy的下载、安装、登录与更新 — image 13,https://workbuddy.homes/bluebook/%E7%AC%AC%E4%B8%80%E7%AF%87%20%E4%BD%BF%E7%94%A8%E6%89%8B%E5%86%8C%EF%BC%9A%E5%85%88%E6%8A%8A%20WorkBuddy%20%E7%94%A8%E8%B5%B7%E6%9D%A5/%E7%AC%AC%202%20%E7%AB%A0%20WorkBuddy%E7%9A%84%E4%B8%8B%E8%BD%BD%E3%80%81%E5%AE%89%E8%A3%85%E3%80%81%E7%99%BB%E5%BD%95%E4%B8%8E%E6%9B%B4%E6%96%B0/assets/013_image_MMIXbZJafo.png,/article-assets/source-calibration/ch02/013.png,/article-assets/replacements/ch02/013.png,1200,800,png,awaiting-replacement,
ch02-014,/wb-x/第一篇 使用手册：先把 WorkBuddy 用起来/第 2 章 WorkBuddy的下载、安装、登录与更新/,14,第 2 章 WorkBuddy的下载、安装、登录与更新 — image 14,https://workbuddy.homes/bluebook/%E7%AC%AC%E4%B8%80%E7%AF%87%20%E4%BD%BF%E7%94%A8%E6%89%8B%E5%86%8C%EF%BC%9A%E5%85%88%E6%8A%8A%20WorkBuddy%20%E7%94%A8%E8%B5%B7%E6%9D%A5/%E7%AC%AC%202%20%E7%AB%A0%20WorkBuddy%E7%9A%84%E4%B8%8B%E8%BD%BD%E3%80%81%E5%AE%89%E8%A3%85%E3%80%81%E7%99%BB%E5%BD%95%E4%B8%8E%E6%9B%B4%E6%96%B0/assets/014_image_MdmYbB2Avo.png,/article-assets/source-calibration/ch02/014.png,/article-assets/replacements/ch02/014.png,2254,1301,png,awaiting-replacement,
ch02-015,/wb-x/第一篇 使用手册：先把 WorkBuddy 用起来/第 2 章 WorkBuddy的下载、安装、登录与更新/,15,第 2 章 WorkBuddy的下载、安装、登录与更新 — image 15,https://workbuddy.homes/bluebook/%E7%AC%AC%E4%B8%80%E7%AF%87%20%E4%BD%BF%E7%94%A8%E6%89%8B%E5%86%8C%EF%BC%9A%E5%85%88%E6%8A%8A%20WorkBuddy%20%E7%94%A8%E8%B5%B7%E6%9D%A5/%E7%AC%AC%202%20%E7%AB%A0%20WorkBuddy%E7%9A%84%E4%B8%8B%E8%BD%BD%E3%80%81%E5%AE%89%E8%A3%85%E3%80%81%E7%99%BB%E5%BD%95%E4%B8%8E%E6%9B%B4%E6%96%B0/assets/015_image_WZrBbbWono.png,/article-assets/source-calibration/ch02/015.png,/article-assets/replacements/ch02/015.png,432,530,png,awaiting-replacement,
ch02-016,/wb-x/第一篇 使用手册：先把 WorkBuddy 用起来/第 2 章 WorkBuddy的下载、安装、登录与更新/,16,第 2 章 WorkBuddy的下载、安装、登录与更新 — image 16,https://workbuddy.homes/bluebook/%E7%AC%AC%E4%B8%80%E7%AF%87%20%E4%BD%BF%E7%94%A8%E6%89%8B%E5%86%8C%EF%BC%9A%E5%85%88%E6%8A%8A%20WorkBuddy%20%E7%94%A8%E8%B5%B7%E6%9D%A5/%E7%AC%AC%202%20%E7%AB%A0%20WorkBuddy%E7%9A%84%E4%B8%8B%E8%BD%BD%E3%80%81%E5%AE%89%E8%A3%85%E3%80%81%E7%99%BB%E5%BD%95%E4%B8%8E%E6%9B%B4%E6%96%B0/assets/016_image_Pmh8b7xc8o.png,/article-assets/source-calibration/ch02/016.png,/article-assets/replacements/ch02/016.png,1200,800,png,awaiting-replacement,
ch02-017,/wb-x/第一篇 使用手册：先把 WorkBuddy 用起来/第 2 章 WorkBuddy的下载、安装、登录与更新/,17,第 2 章 WorkBuddy的下载、安装、登录与更新 — image 17,https://workbuddy.homes/bluebook/%E7%AC%AC%E4%B8%80%E7%AF%87%20%E4%BD%BF%E7%94%A8%E6%89%8B%E5%86%8C%EF%BC%9A%E5%85%88%E6%8A%8A%20WorkBuddy%20%E7%94%A8%E8%B5%B7%E6%9D%A5/%E7%AC%AC%202%20%E7%AB%A0%20WorkBuddy%E7%9A%84%E4%B8%8B%E8%BD%BD%E3%80%81%E5%AE%89%E8%A3%85%E3%80%81%E7%99%BB%E5%BD%95%E4%B8%8E%E6%9B%B4%E6%96%B0/assets/017_image_Qt1gbb7J3o.png,/article-assets/source-calibration/ch02/017.png,/article-assets/replacements/ch02/017.png,3456,1994,png,awaiting-replacement,
ch03-001,/wb-x/第一篇 使用手册：先把 WorkBuddy 用起来/第 3 章 WorkBuddy 的主界面、任务与工作区/,1,第 3 章 WorkBuddy 的主界面、任务与工作区 — image 1,https://workbuddy.homes/bluebook/%E7%AC%AC%E4%B8%80%E7%AF%87%20%E4%BD%BF%E7%94%A8%E6%89%8B%E5%86%8C%EF%BC%9A%E5%85%88%E6%8A%8A%20WorkBuddy%20%E7%94%A8%E8%B5%B7%E6%9D%A5/%E7%AC%AC%203%20%E7%AB%A0%20WorkBuddy%20%E7%9A%84%E4%B8%BB%E7%95%8C%E9%9D%A2%E3%80%81%E4%BB%BB%E5%8A%A1%E4%B8%8E%E5%B7%A5%E4%BD%9C%E5%8C%BA/assets/001_image_MuLCbdPyDo.png,/article-assets/source-calibration/ch03/001.png,/article-assets/replacements/ch03/001.png,3456,1994,png,awaiting-replacement,
ch03-002,/wb-x/第一篇 使用手册：先把 WorkBuddy 用起来/第 3 章 WorkBuddy 的主界面、任务与工作区/,2,第 3 章 WorkBuddy 的主界面、任务与工作区 — image 2,https://workbuddy.homes/bluebook/%E7%AC%AC%E4%B8%80%E7%AF%87%20%E4%BD%BF%E7%94%A8%E6%89%8B%E5%86%8C%EF%BC%9A%E5%85%88%E6%8A%8A%20WorkBuddy%20%E7%94%A8%E8%B5%B7%E6%9D%A5/%E7%AC%AC%203%20%E7%AB%A0%20WorkBuddy%20%E7%9A%84%E4%B8%BB%E7%95%8C%E9%9D%A2%E3%80%81%E4%BB%BB%E5%8A%A1%E4%B8%8E%E5%B7%A5%E4%BD%9C%E5%8C%BA/assets/002_image_DtASbQcrto.png,/article-assets/source-calibration/ch03/002.png,/article-assets/replacements/ch03/002.png,3456,1994,png,awaiting-replacement,
ch03-003,/wb-x/第一篇 使用手册：先把 WorkBuddy 用起来/第 3 章 WorkBuddy 的主界面、任务与工作区/,3,第 3 章 WorkBuddy 的主界面、任务与工作区 — image 3,https://workbuddy.homes/bluebook/%E7%AC%AC%E4%B8%80%E7%AF%87%20%E4%BD%BF%E7%94%A8%E6%89%8B%E5%86%8C%EF%BC%9A%E5%85%88%E6%8A%8A%20WorkBuddy%20%E7%94%A8%E8%B5%B7%E6%9D%A5/%E7%AC%AC%203%20%E7%AB%A0%20WorkBuddy%20%E7%9A%84%E4%B8%BB%E7%95%8C%E9%9D%A2%E3%80%81%E4%BB%BB%E5%8A%A1%E4%B8%8E%E5%B7%A5%E4%BD%9C%E5%8C%BA/assets/003_image_W7VqbwVeJo.png,/article-assets/source-calibration/ch03/003.png,/article-assets/replacements/ch03/003.png,3456,1994,png,awaiting-replacement,
ch03-004,/wb-x/第一篇 使用手册：先把 WorkBuddy 用起来/第 3 章 WorkBuddy 的主界面、任务与工作区/,4,第 3 章 WorkBuddy 的主界面、任务与工作区 — image 4,https://workbuddy.homes/bluebook/%E7%AC%AC%E4%B8%80%E7%AF%87%20%E4%BD%BF%E7%94%A8%E6%89%8B%E5%86%8C%EF%BC%9A%E5%85%88%E6%8A%8A%20WorkBuddy%20%E7%94%A8%E8%B5%B7%E6%9D%A5/%E7%AC%AC%203%20%E7%AB%A0%20WorkBuddy%20%E7%9A%84%E4%B8%BB%E7%95%8C%E9%9D%A2%E3%80%81%E4%BB%BB%E5%8A%A1%E4%B8%8E%E5%B7%A5%E4%BD%9C%E5%8C%BA/assets/004_image_OzThbMYn5o.png,/article-assets/source-calibration/ch03/004.png,/article-assets/replacements/ch03/004.png,3456,1994,png,awaiting-replacement,
ch04-001,/wb-x/第一篇 使用手册：先把 WorkBuddy 用起来/第 4 章 快速完成第一个 WorkBuddy 任务/,1,第 4 章 快速完成第一个 WorkBuddy 任务 — image 1,https://workbuddy.homes/bluebook/%E7%AC%AC%E4%B8%80%E7%AF%87%20%E4%BD%BF%E7%94%A8%E6%89%8B%E5%86%8C%EF%BC%9A%E5%85%88%E6%8A%8A%20WorkBuddy%20%E7%94%A8%E8%B5%B7%E6%9D%A5/%E7%AC%AC%204%20%E7%AB%A0%20%E5%BF%AB%E9%80%9F%E5%AE%8C%E6%88%90%E7%AC%AC%E4%B8%80%E4%B8%AA%20WorkBuddy%20%E4%BB%BB%E5%8A%A1/assets/001_image_C4q3bdNKso.png,/article-assets/source-calibration/ch04/001.png,/article-assets/replacements/ch04/001.png,3456,1994,png,awaiting-replacement,
ch04-002,/wb-x/第一篇 使用手册：先把 WorkBuddy 用起来/第 4 章 快速完成第一个 WorkBuddy 任务/,2,第 4 章 快速完成第一个 WorkBuddy 任务 — image 2,https://workbuddy.homes/bluebook/%E7%AC%AC%E4%B8%80%E7%AF%87%20%E4%BD%BF%E7%94%A8%E6%89%8B%E5%86%8C%EF%BC%9A%E5%85%88%E6%8A%8A%20WorkBuddy%20%E7%94%A8%E8%B5%B7%E6%9D%A5/%E7%AC%AC%204%20%E7%AB%A0%20%E5%BF%AB%E9%80%9F%E5%AE%8C%E6%88%90%E7%AC%AC%E4%B8%80%E4%B8%AA%20WorkBuddy%20%E4%BB%BB%E5%8A%A1/assets/002_image_GeeybIFZLo.png,/article-assets/source-calibration/ch04/002.png,/article-assets/replacements/ch04/002.png,3456,1994,png,awaiting-replacement,
ch04-003,/wb-x/第一篇 使用手册：先把 WorkBuddy 用起来/第 4 章 快速完成第一个 WorkBuddy 任务/,3,第 4 章 快速完成第一个 WorkBuddy 任务 — image 3,https://workbuddy.homes/bluebook/%E7%AC%AC%E4%B8%80%E7%AF%87%20%E4%BD%BF%E7%94%A8%E6%89%8B%E5%86%8C%EF%BC%9A%E5%85%88%E6%8A%8A%20WorkBuddy%20%E7%94%A8%E8%B5%B7%E6%9D%A5/%E7%AC%AC%204%20%E7%AB%A0%20%E5%BF%AB%E9%80%9F%E5%AE%8C%E6%88%90%E7%AC%AC%E4%B8%80%E4%B8%AA%20WorkBuddy%20%E4%BB%BB%E5%8A%A1/assets/003_image_DZ55bxbCvo.png,/article-assets/source-calibration/ch04/003.png,/article-assets/replacements/ch04/003.png,3456,1994,png,awaiting-replacement,
ch04-004,/wb-x/第一篇 使用手册：先把 WorkBuddy 用起来/第 4 章 快速完成第一个 WorkBuddy 任务/,4,第 4 章 快速完成第一个 WorkBuddy 任务 — image 4,https://workbuddy.homes/bluebook/%E7%AC%AC%E4%B8%80%E7%AF%87%20%E4%BD%BF%E7%94%A8%E6%89%8B%E5%86%8C%EF%BC%9A%E5%85%88%E6%8A%8A%20WorkBuddy%20%E7%94%A8%E8%B5%B7%E6%9D%A5/%E7%AC%AC%204%20%E7%AB%A0%20%E5%BF%AB%E9%80%9F%E5%AE%8C%E6%88%90%E7%AC%AC%E4%B8%80%E4%B8%AA%20WorkBuddy%20%E4%BB%BB%E5%8A%A1/assets/004_image_JiigbkdTKo.png,/article-assets/source-calibration/ch04/004.png,/article-assets/replacements/ch04/004.png,3456,1994,png,awaiting-replacement,
ch04-005,/wb-x/第一篇 使用手册：先把 WorkBuddy 用起来/第 4 章 快速完成第一个 WorkBuddy 任务/,5,第 4 章 快速完成第一个 WorkBuddy 任务 — image 5,https://workbuddy.homes/bluebook/%E7%AC%AC%E4%B8%80%E7%AF%87%20%E4%BD%BF%E7%94%A8%E6%89%8B%E5%86%8C%EF%BC%9A%E5%85%88%E6%8A%8A%20WorkBuddy%20%E7%94%A8%E8%B5%B7%E6%9D%A5/%E7%AC%AC%204%20%E7%AB%A0%20%E5%BF%AB%E9%80%9F%E5%AE%8C%E6%88%90%E7%AC%AC%E4%B8%80%E4%B8%AA%20WorkBuddy%20%E4%BB%BB%E5%8A%A1/assets/005_image_ReDxbwNkYo.png,/article-assets/source-calibration/ch04/005.png,/article-assets/replacements/ch04/005.png,3456,1994,png,awaiting-replacement,
ch04-006,/wb-x/第一篇 使用手册：先把 WorkBuddy 用起来/第 4 章 快速完成第一个 WorkBuddy 任务/,6,第 4 章 快速完成第一个 WorkBuddy 任务 — image 6,https://workbuddy.homes/bluebook/%E7%AC%AC%E4%B8%80%E7%AF%87%20%E4%BD%BF%E7%94%A8%E6%89%8B%E5%86%8C%EF%BC%9A%E5%85%88%E6%8A%8A%20WorkBuddy%20%E7%94%A8%E8%B5%B7%E6%9D%A5/%E7%AC%AC%204%20%E7%AB%A0%20%E5%BF%AB%E9%80%9F%E5%AE%8C%E6%88%90%E7%AC%AC%E4%B8%80%E4%B8%AA%20WorkBuddy%20%E4%BB%BB%E5%8A%A1/assets/006_image_INLGb7TDQo.png,/article-assets/source-calibration/ch04/006.png,/article-assets/replacements/ch04/006.png,3456,1994,png,awaiting-replacement,
ch04-007,/wb-x/第一篇 使用手册：先把 WorkBuddy 用起来/第 4 章 快速完成第一个 WorkBuddy 任务/,7,第 4 章 快速完成第一个 WorkBuddy 任务 — image 7,https://workbuddy.homes/bluebook/%E7%AC%AC%E4%B8%80%E7%AF%87%20%E4%BD%BF%E7%94%A8%E6%89%8B%E5%86%8C%EF%BC%9A%E5%85%88%E6%8A%8A%20WorkBuddy%20%E7%94%A8%E8%B5%B7%E6%9D%A5/%E7%AC%AC%204%20%E7%AB%A0%20%E5%BF%AB%E9%80%9F%E5%AE%8C%E6%88%90%E7%AC%AC%E4%B8%80%E4%B8%AA%20WorkBuddy%20%E4%BB%BB%E5%8A%A1/assets/007_image_BD1FbDdcEo.png,/article-assets/source-calibration/ch04/007.png,/article-assets/replacements/ch04/007.png,2700,1582,png,awaiting-replacement,
ch04-008,/wb-x/第一篇 使用手册：先把 WorkBuddy 用起来/第 4 章 快速完成第一个 WorkBuddy 任务/,8,第 4 章 快速完成第一个 WorkBuddy 任务 — image 8,https://workbuddy.homes/bluebook/%E7%AC%AC%E4%B8%80%E7%AF%87%20%E4%BD%BF%E7%94%A8%E6%89%8B%E5%86%8C%EF%BC%9A%E5%85%88%E6%8A%8A%20WorkBuddy%20%E7%94%A8%E8%B5%B7%E6%9D%A5/%E7%AC%AC%204%20%E7%AB%A0%20%E5%BF%AB%E9%80%9F%E5%AE%8C%E6%88%90%E7%AC%AC%E4%B8%80%E4%B8%AA%20WorkBuddy%20%E4%BB%BB%E5%8A%A1/assets/008_image_TzOAb2lxIo.png,/article-assets/source-calibration/ch04/008.png,/article-assets/replacements/ch04/008.png,3456,1994,png,awaiting-replacement,
ch05-001,/wb-x/第一篇 使用手册：先把 WorkBuddy 用起来/第 5 章 WorkBuddy加载一个真正用得上的 Skill/,1,第 5 章 WorkBuddy加载一个真正用得上的 Skill — image 1,https://workbuddy.homes/bluebook/%E7%AC%AC%E4%B8%80%E7%AF%87%20%E4%BD%BF%E7%94%A8%E6%89%8B%E5%86%8C%EF%BC%9A%E5%85%88%E6%8A%8A%20WorkBuddy%20%E7%94%A8%E8%B5%B7%E6%9D%A5/%E7%AC%AC%205%20%E7%AB%A0%20WorkBuddy%E5%8A%A0%E8%BD%BD%E4%B8%80%E4%B8%AA%E7%9C%9F%E6%AD%A3%E7%94%A8%E5%BE%97%E4%B8%8A%E7%9A%84%20Skill/assets/001_image_TdcLblfvIo.png,/article-assets/source-calibration/ch05/001.png,/article-assets/replacements/ch05/001.png,3456,1994,png,awaiting-replacement,
ch05-002,/wb-x/第一篇 使用手册：先把 WorkBuddy 用起来/第 5 章 WorkBuddy加载一个真正用得上的 Skill/,2,第 5 章 WorkBuddy加载一个真正用得上的 Skill — image 2,https://workbuddy.homes/bluebook/%E7%AC%AC%E4%B8%80%E7%AF%87%20%E4%BD%BF%E7%94%A8%E6%89%8B%E5%86%8C%EF%BC%9A%E5%85%88%E6%8A%8A%20WorkBuddy%20%E7%94%A8%E8%B5%B7%E6%9D%A5/%E7%AC%AC%205%20%E7%AB%A0%20WorkBuddy%E5%8A%A0%E8%BD%BD%E4%B8%80%E4%B8%AA%E7%9C%9F%E6%AD%A3%E7%94%A8%E5%BE%97%E4%B8%8A%E7%9A%84%20Skill/assets/002_image_V3E5bsVZGo.png,/article-assets/source-calibration/ch05/002.png,/article-assets/replacements/ch05/002.png,3456,1914,png,awaiting-replacement,
ch05-003,/wb-x/第一篇 使用手册：先把 WorkBuddy 用起来/第 5 章 WorkBuddy加载一个真正用得上的 Skill/,3,第 5 章 WorkBuddy加载一个真正用得上的 Skill — image 3,https://workbuddy.homes/bluebook/%E7%AC%AC%E4%B8%80%E7%AF%87%20%E4%BD%BF%E7%94%A8%E6%89%8B%E5%86%8C%EF%BC%9A%E5%85%88%E6%8A%8A%20WorkBuddy%20%E7%94%A8%E8%B5%B7%E6%9D%A5/%E7%AC%AC%205%20%E7%AB%A0%20WorkBuddy%E5%8A%A0%E8%BD%BD%E4%B8%80%E4%B8%AA%E7%9C%9F%E6%AD%A3%E7%94%A8%E5%BE%97%E4%B8%8A%E7%9A%84%20Skill/assets/003_image_Oag3bNQHOo.png,/article-assets/source-calibration/ch05/003.png,/article-assets/replacements/ch05/003.png,3456,1994,png,awaiting-replacement,
ch05-004,/wb-x/第一篇 使用手册：先把 WorkBuddy 用起来/第 5 章 WorkBuddy加载一个真正用得上的 Skill/,4,第 5 章 WorkBuddy加载一个真正用得上的 Skill — image 4,https://workbuddy.homes/bluebook/%E7%AC%AC%E4%B8%80%E7%AF%87%20%E4%BD%BF%E7%94%A8%E6%89%8B%E5%86%8C%EF%BC%9A%E5%85%88%E6%8A%8A%20WorkBuddy%20%E7%94%A8%E8%B5%B7%E6%9D%A5/%E7%AC%AC%205%20%E7%AB%A0%20WorkBuddy%E5%8A%A0%E8%BD%BD%E4%B8%80%E4%B8%AA%E7%9C%9F%E6%AD%A3%E7%94%A8%E5%BE%97%E4%B8%8A%E7%9A%84%20Skill/assets/004_image_GgOebNBh3o.png,/article-assets/source-calibration/ch05/004.png,/article-assets/replacements/ch05/004.png,3456,1994,png,awaiting-replacement,
ch05-005,/wb-x/第一篇 使用手册：先把 WorkBuddy 用起来/第 5 章 WorkBuddy加载一个真正用得上的 Skill/,5,第 5 章 WorkBuddy加载一个真正用得上的 Skill — image 5,https://workbuddy.homes/bluebook/%E7%AC%AC%E4%B8%80%E7%AF%87%20%E4%BD%BF%E7%94%A8%E6%89%8B%E5%86%8C%EF%BC%9A%E5%85%88%E6%8A%8A%20WorkBuddy%20%E7%94%A8%E8%B5%B7%E6%9D%A5/%E7%AC%AC%205%20%E7%AB%A0%20WorkBuddy%E5%8A%A0%E8%BD%BD%E4%B8%80%E4%B8%AA%E7%9C%9F%E6%AD%A3%E7%94%A8%E5%BE%97%E4%B8%8A%E7%9A%84%20Skill/assets/005_20260708200848_NN3hbPsKAo.gif,/article-assets/source-calibration/ch05/005.gif,/article-assets/replacements/ch05/005.gif,1896,1094,gif,awaiting-replacement,
ch05-006,/wb-x/第一篇 使用手册：先把 WorkBuddy 用起来/第 5 章 WorkBuddy加载一个真正用得上的 Skill/,6,第 5 章 WorkBuddy加载一个真正用得上的 Skill — image 6,https://workbuddy.homes/bluebook/%E7%AC%AC%E4%B8%80%E7%AF%87%20%E4%BD%BF%E7%94%A8%E6%89%8B%E5%86%8C%EF%BC%9A%E5%85%88%E6%8A%8A%20WorkBuddy%20%E7%94%A8%E8%B5%B7%E6%9D%A5/%E7%AC%AC%205%20%E7%AB%A0%20WorkBuddy%E5%8A%A0%E8%BD%BD%E4%B8%80%E4%B8%AA%E7%9C%9F%E6%AD%A3%E7%94%A8%E5%BE%97%E4%B8%8A%E7%9A%84%20Skill/assets/006_image_Xom2btXVZo.png,/article-assets/source-calibration/ch05/006.png,/article-assets/replacements/ch05/006.png,3456,1994,png,awaiting-replacement,
ch05-007,/wb-x/第一篇 使用手册：先把 WorkBuddy 用起来/第 5 章 WorkBuddy加载一个真正用得上的 Skill/,7,第 5 章 WorkBuddy加载一个真正用得上的 Skill — image 7,https://workbuddy.homes/bluebook/%E7%AC%AC%E4%B8%80%E7%AF%87%20%E4%BD%BF%E7%94%A8%E6%89%8B%E5%86%8C%EF%BC%9A%E5%85%88%E6%8A%8A%20WorkBuddy%20%E7%94%A8%E8%B5%B7%E6%9D%A5/%E7%AC%AC%205%20%E7%AB%A0%20WorkBuddy%E5%8A%A0%E8%BD%BD%E4%B8%80%E4%B8%AA%E7%9C%9F%E6%AD%A3%E7%94%A8%E5%BE%97%E4%B8%8A%E7%9A%84%20Skill/assets/007_image_AmOVb1oGEo.png,/article-assets/source-calibration/ch05/007.png,/article-assets/replacements/ch05/007.png,2144,718,png,awaiting-replacement,
ch05-008,/wb-x/第一篇 使用手册：先把 WorkBuddy 用起来/第 5 章 WorkBuddy加载一个真正用得上的 Skill/,8,第 5 章 WorkBuddy加载一个真正用得上的 Skill — image 8,https://workbuddy.homes/bluebook/%E7%AC%AC%E4%B8%80%E7%AF%87%20%E4%BD%BF%E7%94%A8%E6%89%8B%E5%86%8C%EF%BC%9A%E5%85%88%E6%8A%8A%20WorkBuddy%20%E7%94%A8%E8%B5%B7%E6%9D%A5/%E7%AC%AC%205%20%E7%AB%A0%20WorkBuddy%E5%8A%A0%E8%BD%BD%E4%B8%80%E4%B8%AA%E7%9C%9F%E6%AD%A3%E7%94%A8%E5%BE%97%E4%B8%8A%E7%9A%84%20Skill/assets/008_image_FbpQbmSswo.png,/article-assets/source-calibration/ch05/008.png,/article-assets/replacements/ch05/008.png,2070,762,png,awaiting-replacement,
ch05-009,/wb-x/第一篇 使用手册：先把 WorkBuddy 用起来/第 5 章 WorkBuddy加载一个真正用得上的 Skill/,9,第 5 章 WorkBuddy加载一个真正用得上的 Skill — image 9,https://workbuddy.homes/bluebook/%E7%AC%AC%E4%B8%80%E7%AF%87%20%E4%BD%BF%E7%94%A8%E6%89%8B%E5%86%8C%EF%BC%9A%E5%85%88%E6%8A%8A%20WorkBuddy%20%E7%94%A8%E8%B5%B7%E6%9D%A5/%E7%AC%AC%205%20%E7%AB%A0%20WorkBuddy%E5%8A%A0%E8%BD%BD%E4%B8%80%E4%B8%AA%E7%9C%9F%E6%AD%A3%E7%94%A8%E5%BE%97%E4%B8%8A%E7%9A%84%20Skill/assets/009_image_RhBKbRhgIo.png,/article-assets/source-calibration/ch05/009.png,/article-assets/replacements/ch05/009.png,3456,1994,png,awaiting-replacement,
ch05-010,/wb-x/第一篇 使用手册：先把 WorkBuddy 用起来/第 5 章 WorkBuddy加载一个真正用得上的 Skill/,10,第 5 章 WorkBuddy加载一个真正用得上的 Skill — image 10,https://workbuddy.homes/bluebook/%E7%AC%AC%E4%B8%80%E7%AF%87%20%E4%BD%BF%E7%94%A8%E6%89%8B%E5%86%8C%EF%BC%9A%E5%85%88%E6%8A%8A%20WorkBuddy%20%E7%94%A8%E8%B5%B7%E6%9D%A5/%E7%AC%AC%205%20%E7%AB%A0%20WorkBuddy%E5%8A%A0%E8%BD%BD%E4%B8%80%E4%B8%AA%E7%9C%9F%E6%AD%A3%E7%94%A8%E5%BE%97%E4%B8%8A%E7%9A%84%20Skill/assets/010_image_NGsdbBcjso.png,/article-assets/source-calibration/ch05/010.png,/article-assets/replacements/ch05/010.png,3456,1994,png,awaiting-replacement,
ch05-011,/wb-x/第一篇 使用手册：先把 WorkBuddy 用起来/第 5 章 WorkBuddy加载一个真正用得上的 Skill/,11,第 5 章 WorkBuddy加载一个真正用得上的 Skill — image 11,https://workbuddy.homes/bluebook/%E7%AC%AC%E4%B8%80%E7%AF%87%20%E4%BD%BF%E7%94%A8%E6%89%8B%E5%86%8C%EF%BC%9A%E5%85%88%E6%8A%8A%20WorkBuddy%20%E7%94%A8%E8%B5%B7%E6%9D%A5/%E7%AC%AC%205%20%E7%AB%A0%20WorkBuddy%E5%8A%A0%E8%BD%BD%E4%B8%80%E4%B8%AA%E7%9C%9F%E6%AD%A3%E7%94%A8%E5%BE%97%E4%B8%8A%E7%9A%84%20Skill/assets/011_image_DABBb41fGo.png,/article-assets/source-calibration/ch05/011.png,/article-assets/replacements/ch05/011.png,2868,1818,png,awaiting-replacement,
ch05-012,/wb-x/第一篇 使用手册：先把 WorkBuddy 用起来/第 5 章 WorkBuddy加载一个真正用得上的 Skill/,12,第 5 章 WorkBuddy加载一个真正用得上的 Skill — image 12,https://workbuddy.homes/bluebook/%E7%AC%AC%E4%B8%80%E7%AF%87%20%E4%BD%BF%E7%94%A8%E6%89%8B%E5%86%8C%EF%BC%9A%E5%85%88%E6%8A%8A%20WorkBuddy%20%E7%94%A8%E8%B5%B7%E6%9D%A5/%E7%AC%AC%205%20%E7%AB%A0%20WorkBuddy%E5%8A%A0%E8%BD%BD%E4%B8%80%E4%B8%AA%E7%9C%9F%E6%AD%A3%E7%94%A8%E5%BE%97%E4%B8%8A%E7%9A%84%20Skill/assets/012_image_Uya3bNC9io.png,/article-assets/source-calibration/ch05/012.png,/article-assets/replacements/ch05/012.png,3456,1994,png,awaiting-replacement,
ch06-001,/wb-x/第一篇 使用手册：先把 WorkBuddy 用起来/第 6 章 WorkBuddy的专家和专家团/,1,第 6 章 WorkBuddy的专家和专家团 — image 1,https://workbuddy.homes/bluebook/%E7%AC%AC%E4%B8%80%E7%AF%87%20%E4%BD%BF%E7%94%A8%E6%89%8B%E5%86%8C%EF%BC%9A%E5%85%88%E6%8A%8A%20WorkBuddy%20%E7%94%A8%E8%B5%B7%E6%9D%A5/%E7%AC%AC%206%20%E7%AB%A0%20WorkBuddy%E7%9A%84%E4%B8%93%E5%AE%B6%E5%92%8C%E4%B8%93%E5%AE%B6%E5%9B%A2/assets/001_image_T8L2bOcbBo.png,/article-assets/source-calibration/ch06/001.png,/article-assets/replacements/ch06/001.png,3456,1994,png,awaiting-replacement,
ch06-002,/wb-x/第一篇 使用手册：先把 WorkBuddy 用起来/第 6 章 WorkBuddy的专家和专家团/,2,第 6 章 WorkBuddy的专家和专家团 — image 2,https://workbuddy.homes/bluebook/%E7%AC%AC%E4%B8%80%E7%AF%87%20%E4%BD%BF%E7%94%A8%E6%89%8B%E5%86%8C%EF%BC%9A%E5%85%88%E6%8A%8A%20WorkBuddy%20%E7%94%A8%E8%B5%B7%E6%9D%A5/%E7%AC%AC%206%20%E7%AB%A0%20WorkBuddy%E7%9A%84%E4%B8%93%E5%AE%B6%E5%92%8C%E4%B8%93%E5%AE%B6%E5%9B%A2/assets/002_image_TlTJbNIQOo.png,/article-assets/source-calibration/ch06/002.png,/article-assets/replacements/ch06/002.png,3456,1994,png,awaiting-replacement,
ch06-003,/wb-x/第一篇 使用手册：先把 WorkBuddy 用起来/第 6 章 WorkBuddy的专家和专家团/,3,第 6 章 WorkBuddy的专家和专家团 — image 3,https://workbuddy.homes/bluebook/%E7%AC%AC%E4%B8%80%E7%AF%87%20%E4%BD%BF%E7%94%A8%E6%89%8B%E5%86%8C%EF%BC%9A%E5%85%88%E6%8A%8A%20WorkBuddy%20%E7%94%A8%E8%B5%B7%E6%9D%A5/%E7%AC%AC%206%20%E7%AB%A0%20WorkBuddy%E7%9A%84%E4%B8%93%E5%AE%B6%E5%92%8C%E4%B8%93%E5%AE%B6%E5%9B%A2/assets/003_image_Hfv9bPfcIo.png,/article-assets/source-calibration/ch06/003.png,/article-assets/replacements/ch06/003.png,3456,1994,png,awaiting-replacement,
ch06-004,/wb-x/第一篇 使用手册：先把 WorkBuddy 用起来/第 6 章 WorkBuddy的专家和专家团/,4,第 6 章 WorkBuddy的专家和专家团 — image 4,https://workbuddy.homes/bluebook/%E7%AC%AC%E4%B8%80%E7%AF%87%20%E4%BD%BF%E7%94%A8%E6%89%8B%E5%86%8C%EF%BC%9A%E5%85%88%E6%8A%8A%20WorkBuddy%20%E7%94%A8%E8%B5%B7%E6%9D%A5/%E7%AC%AC%206%20%E7%AB%A0%20WorkBuddy%E7%9A%84%E4%B8%93%E5%AE%B6%E5%92%8C%E4%B8%93%E5%AE%B6%E5%9B%A2/assets/004_20260708204254_Nvfjb5QwFo.gif,/article-assets/source-calibration/ch06/004.gif,/article-assets/replacements/ch06/004.gif,1896,1094,gif,awaiting-replacement,
ch06-005,/wb-x/第一篇 使用手册：先把 WorkBuddy 用起来/第 6 章 WorkBuddy的专家和专家团/,5,第 6 章 WorkBuddy的专家和专家团 — image 5,https://workbuddy.homes/bluebook/%E7%AC%AC%E4%B8%80%E7%AF%87%20%E4%BD%BF%E7%94%A8%E6%89%8B%E5%86%8C%EF%BC%9A%E5%85%88%E6%8A%8A%20WorkBuddy%20%E7%94%A8%E8%B5%B7%E6%9D%A5/%E7%AC%AC%206%20%E7%AB%A0%20WorkBuddy%E7%9A%84%E4%B8%93%E5%AE%B6%E5%92%8C%E4%B8%93%E5%AE%B6%E5%9B%A2/assets/005_image_Bzc4b6Ukko.png,/article-assets/source-calibration/ch06/005.png,/article-assets/replacements/ch06/005.png,3456,1994,png,awaiting-replacement,
ch06-006,/wb-x/第一篇 使用手册：先把 WorkBuddy 用起来/第 6 章 WorkBuddy的专家和专家团/,6,第 6 章 WorkBuddy的专家和专家团 — image 6,https://workbuddy.homes/bluebook/%E7%AC%AC%E4%B8%80%E7%AF%87%20%E4%BD%BF%E7%94%A8%E6%89%8B%E5%86%8C%EF%BC%9A%E5%85%88%E6%8A%8A%20WorkBuddy%20%E7%94%A8%E8%B5%B7%E6%9D%A5/%E7%AC%AC%206%20%E7%AB%A0%20WorkBuddy%E7%9A%84%E4%B8%93%E5%AE%B6%E5%92%8C%E4%B8%93%E5%AE%B6%E5%9B%A2/assets/006_image_Oz4wbqMTqo.png,/article-assets/source-calibration/ch06/006.png,/article-assets/replacements/ch06/006.png,2934,1996,png,awaiting-replacement,
ch06-007,/wb-x/第一篇 使用手册：先把 WorkBuddy 用起来/第 6 章 WorkBuddy的专家和专家团/,7,第 6 章 WorkBuddy的专家和专家团 — image 7,https://workbuddy.homes/bluebook/%E7%AC%AC%E4%B8%80%E7%AF%87%20%E4%BD%BF%E7%94%A8%E6%89%8B%E5%86%8C%EF%BC%9A%E5%85%88%E6%8A%8A%20WorkBuddy%20%E7%94%A8%E8%B5%B7%E6%9D%A5/%E7%AC%AC%206%20%E7%AB%A0%20WorkBuddy%E7%9A%84%E4%B8%93%E5%AE%B6%E5%92%8C%E4%B8%93%E5%AE%B6%E5%9B%A2/assets/007_image_TDP4b0emBo.png,/article-assets/source-calibration/ch06/007.png,/article-assets/replacements/ch06/007.png,2868,1896,png,awaiting-replacement,
ch06-008,/wb-x/第一篇 使用手册：先把 WorkBuddy 用起来/第 6 章 WorkBuddy的专家和专家团/,8,第 6 章 WorkBuddy的专家和专家团 — image 8,https://workbuddy.homes/bluebook/%E7%AC%AC%E4%B8%80%E7%AF%87%20%E4%BD%BF%E7%94%A8%E6%89%8B%E5%86%8C%EF%BC%9A%E5%85%88%E6%8A%8A%20WorkBuddy%20%E7%94%A8%E8%B5%B7%E6%9D%A5/%E7%AC%AC%206%20%E7%AB%A0%20WorkBuddy%E7%9A%84%E4%B8%93%E5%AE%B6%E5%92%8C%E4%B8%93%E5%AE%B6%E5%9B%A2/assets/008_image_MHngbV84ro.png,/article-assets/source-calibration/ch06/008.png,/article-assets/replacements/ch06/008.png,3456,1994,png,awaiting-replacement,
ch06-009,/wb-x/第一篇 使用手册：先把 WorkBuddy 用起来/第 6 章 WorkBuddy的专家和专家团/,9,第 6 章 WorkBuddy的专家和专家团 — image 9,https://workbuddy.homes/bluebook/%E7%AC%AC%E4%B8%80%E7%AF%87%20%E4%BD%BF%E7%94%A8%E6%89%8B%E5%86%8C%EF%BC%9A%E5%85%88%E6%8A%8A%20WorkBuddy%20%E7%94%A8%E8%B5%B7%E6%9D%A5/%E7%AC%AC%206%20%E7%AB%A0%20WorkBuddy%E7%9A%84%E4%B8%93%E5%AE%B6%E5%92%8C%E4%B8%93%E5%AE%B6%E5%9B%A2/assets/009_image_LUaZbwcddo.png,/article-assets/source-calibration/ch06/009.png,/article-assets/replacements/ch06/009.png,3456,1994,png,awaiting-replacement,
ch07-001,/wb-x/第一篇 使用手册：先把 WorkBuddy 用起来/第 7 章 WorkBuddy 使用连接器/,1,第 7 章 WorkBuddy 使用连接器 — image 1,https://workbuddy.homes/bluebook/%E7%AC%AC%E4%B8%80%E7%AF%87%20%E4%BD%BF%E7%94%A8%E6%89%8B%E5%86%8C%EF%BC%9A%E5%85%88%E6%8A%8A%20WorkBuddy%20%E7%94%A8%E8%B5%B7%E6%9D%A5/%E7%AC%AC%207%20%E7%AB%A0%20WorkBuddy%20%E4%BD%BF%E7%94%A8%E8%BF%9E%E6%8E%A5%E5%99%A8/assets/001_image_IZzfbK38Ao.png,/article-assets/source-calibration/ch07/001.png,/article-assets/replacements/ch07/001.png,3456,1994,png,awaiting-replacement,
ch07-002,/wb-x/第一篇 使用手册：先把 WorkBuddy 用起来/第 7 章 WorkBuddy 使用连接器/,2,第 7 章 WorkBuddy 使用连接器 — image 2,https://workbuddy.homes/bluebook/%E7%AC%AC%E4%B8%80%E7%AF%87%20%E4%BD%BF%E7%94%A8%E6%89%8B%E5%86%8C%EF%BC%9A%E5%85%88%E6%8A%8A%20WorkBuddy%20%E7%94%A8%E8%B5%B7%E6%9D%A5/%E7%AC%AC%207%20%E7%AB%A0%20WorkBuddy%20%E4%BD%BF%E7%94%A8%E8%BF%9E%E6%8E%A5%E5%99%A8/assets/002_image_WF3ab0WSbo.png,/article-assets/source-calibration/ch07/002.png,/article-assets/replacements/ch07/002.png,3456,1994,png,awaiting-replacement,
ch07-003,/wb-x/第一篇 使用手册：先把 WorkBuddy 用起来/第 7 章 WorkBuddy 使用连接器/,3,第 7 章 WorkBuddy 使用连接器 — image 3,https://workbuddy.homes/bluebook/%E7%AC%AC%E4%B8%80%E7%AF%87%20%E4%BD%BF%E7%94%A8%E6%89%8B%E5%86%8C%EF%BC%9A%E5%85%88%E6%8A%8A%20WorkBuddy%20%E7%94%A8%E8%B5%B7%E6%9D%A5/%E7%AC%AC%207%20%E7%AB%A0%20WorkBuddy%20%E4%BD%BF%E7%94%A8%E8%BF%9E%E6%8E%A5%E5%99%A8/assets/003_image_ZssEbuMsdo.png,/article-assets/source-calibration/ch07/003.png,/article-assets/replacements/ch07/003.png,3456,1994,png,awaiting-replacement,
ch07-004,/wb-x/第一篇 使用手册：先把 WorkBuddy 用起来/第 7 章 WorkBuddy 使用连接器/,4,第 7 章 WorkBuddy 使用连接器 — image 4,https://workbuddy.homes/bluebook/%E7%AC%AC%E4%B8%80%E7%AF%87%20%E4%BD%BF%E7%94%A8%E6%89%8B%E5%86%8C%EF%BC%9A%E5%85%88%E6%8A%8A%20WorkBuddy%20%E7%94%A8%E8%B5%B7%E6%9D%A5/%E7%AC%AC%207%20%E7%AB%A0%20WorkBuddy%20%E4%BD%BF%E7%94%A8%E8%BF%9E%E6%8E%A5%E5%99%A8/assets/004_image_KVIJbpUZdo.png,/article-assets/source-calibration/ch07/004.png,/article-assets/replacements/ch07/004.png,3456,1994,png,awaiting-replacement,
ch07-005,/wb-x/第一篇 使用手册：先把 WorkBuddy 用起来/第 7 章 WorkBuddy 使用连接器/,5,第 7 章 WorkBuddy 使用连接器 — image 5,https://workbuddy.homes/bluebook/%E7%AC%AC%E4%B8%80%E7%AF%87%20%E4%BD%BF%E7%94%A8%E6%89%8B%E5%86%8C%EF%BC%9A%E5%85%88%E6%8A%8A%20WorkBuddy%20%E7%94%A8%E8%B5%B7%E6%9D%A5/%E7%AC%AC%207%20%E7%AB%A0%20WorkBuddy%20%E4%BD%BF%E7%94%A8%E8%BF%9E%E6%8E%A5%E5%99%A8/assets/005_image_FPy1bGJJZo.png,/article-assets/source-calibration/ch07/005.png,/article-assets/replacements/ch07/005.png,3456,1994,png,awaiting-replacement,
ch07-006,/wb-x/第一篇 使用手册：先把 WorkBuddy 用起来/第 7 章 WorkBuddy 使用连接器/,6,第 7 章 WorkBuddy 使用连接器 — image 6,https://workbuddy.homes/bluebook/%E7%AC%AC%E4%B8%80%E7%AF%87%20%E4%BD%BF%E7%94%A8%E6%89%8B%E5%86%8C%EF%BC%9A%E5%85%88%E6%8A%8A%20WorkBuddy%20%E7%94%A8%E8%B5%B7%E6%9D%A5/%E7%AC%AC%207%20%E7%AB%A0%20WorkBuddy%20%E4%BD%BF%E7%94%A8%E8%BF%9E%E6%8E%A5%E5%99%A8/assets/006_image_WQ6Zb1Rero.png,/article-assets/source-calibration/ch07/006.png,/article-assets/replacements/ch07/006.png,1440,960,png,awaiting-replacement,
ch07-007,/wb-x/第一篇 使用手册：先把 WorkBuddy 用起来/第 7 章 WorkBuddy 使用连接器/,7,第 7 章 WorkBuddy 使用连接器 — image 7,https://workbuddy.homes/bluebook/%E7%AC%AC%E4%B8%80%E7%AF%87%20%E4%BD%BF%E7%94%A8%E6%89%8B%E5%86%8C%EF%BC%9A%E5%85%88%E6%8A%8A%20WorkBuddy%20%E7%94%A8%E8%B5%B7%E6%9D%A5/%E7%AC%AC%207%20%E7%AB%A0%20WorkBuddy%20%E4%BD%BF%E7%94%A8%E8%BF%9E%E6%8E%A5%E5%99%A8/assets/007_image_M2itbQUceo.png,/article-assets/source-calibration/ch07/007.png,/article-assets/replacements/ch07/007.png,3456,1994,png,awaiting-replacement,
ch08-001,/wb-x/第一篇 使用手册：先把 WorkBuddy 用起来/第 8 章 WorkBuddy 接入小程序与 IM 助理/,1,第 8 章 WorkBuddy 接入小程序与 IM 助理 — image 1,https://workbuddy.homes/bluebook/%E7%AC%AC%E4%B8%80%E7%AF%87%20%E4%BD%BF%E7%94%A8%E6%89%8B%E5%86%8C%EF%BC%9A%E5%85%88%E6%8A%8A%20WorkBuddy%20%E7%94%A8%E8%B5%B7%E6%9D%A5/%E7%AC%AC%208%20%E7%AB%A0%20WorkBuddy%20%E6%8E%A5%E5%85%A5%E5%B0%8F%E7%A8%8B%E5%BA%8F%E4%B8%8E%20IM%20%E5%8A%A9%E7%90%86/assets/001_image_Vv5bbtLVBo.png,/article-assets/source-calibration/ch08/001.png,/article-assets/replacements/ch08/001.png,1080,958,png,awaiting-replacement,
ch08-002,/wb-x/第一篇 使用手册：先把 WorkBuddy 用起来/第 8 章 WorkBuddy 接入小程序与 IM 助理/,2,第 8 章 WorkBuddy 接入小程序与 IM 助理 — image 2,https://workbuddy.homes/bluebook/%E7%AC%AC%E4%B8%80%E7%AF%87%20%E4%BD%BF%E7%94%A8%E6%89%8B%E5%86%8C%EF%BC%9A%E5%85%88%E6%8A%8A%20WorkBuddy%20%E7%94%A8%E8%B5%B7%E6%9D%A5/%E7%AC%AC%208%20%E7%AB%A0%20WorkBuddy%20%E6%8E%A5%E5%85%A5%E5%B0%8F%E7%A8%8B%E5%BA%8F%E4%B8%8E%20IM%20%E5%8A%A9%E7%90%86/assets/002_%E5%BE%AE%E4%BF%A1%E5%8A%A9%E7%90%86-%E8%BF%9B%E5%85%A5%E5%8A%A9%E7%90%86%E8%AE%BE%E7%BD%AE_NbI2b9v4fo.png,/article-assets/source-calibration/ch08/002.png,/article-assets/replacements/ch08/002.png,393,472,png,awaiting-replacement,
ch08-003,/wb-x/第一篇 使用手册：先把 WorkBuddy 用起来/第 8 章 WorkBuddy 接入小程序与 IM 助理/,3,第 8 章 WorkBuddy 接入小程序与 IM 助理 — image 3,https://workbuddy.homes/bluebook/%E7%AC%AC%E4%B8%80%E7%AF%87%20%E4%BD%BF%E7%94%A8%E6%89%8B%E5%86%8C%EF%BC%9A%E5%85%88%E6%8A%8A%20WorkBuddy%20%E7%94%A8%E8%B5%B7%E6%9D%A5/%E7%AC%AC%208%20%E7%AB%A0%20WorkBuddy%20%E6%8E%A5%E5%85%A5%E5%B0%8F%E7%A8%8B%E5%BA%8F%E4%B8%8E%20IM%20%E5%8A%A9%E7%90%86/assets/003_%E5%BE%AE%E4%BF%A1%E5%8A%A9%E7%90%86-%E9%80%89%E6%8B%A9%E9%9B%86%E6%88%90_S9HlbaEmdo.png,/article-assets/source-calibration/ch08/003.png,/article-assets/replacements/ch08/003.png,1547,714,png,awaiting-replacement,
ch08-004,/wb-x/第一篇 使用手册：先把 WorkBuddy 用起来/第 8 章 WorkBuddy 接入小程序与 IM 助理/,4,第 8 章 WorkBuddy 接入小程序与 IM 助理 — image 4,https://workbuddy.homes/bluebook/%E7%AC%AC%E4%B8%80%E7%AF%87%20%E4%BD%BF%E7%94%A8%E6%89%8B%E5%86%8C%EF%BC%9A%E5%85%88%E6%8A%8A%20WorkBuddy%20%E7%94%A8%E8%B5%B7%E6%9D%A5/%E7%AC%AC%208%20%E7%AB%A0%20WorkBuddy%20%E6%8E%A5%E5%85%A5%E5%B0%8F%E7%A8%8B%E5%BA%8F%E4%B8%8E%20IM%20%E5%8A%A9%E7%90%86/assets/004_%E5%BE%AE%E4%BF%A1%E5%8A%A9%E7%90%86-%E6%89%AB%E7%A0%81%E7%BB%91%E5%AE%9A_TElmbNPG5o.png,/article-assets/source-calibration/ch08/004.png,/article-assets/replacements/ch08/004.png,1083,561,png,awaiting-replacement,
ch08-005,/wb-x/第一篇 使用手册：先把 WorkBuddy 用起来/第 8 章 WorkBuddy 接入小程序与 IM 助理/,5,第 8 章 WorkBuddy 接入小程序与 IM 助理 — image 5,https://workbuddy.homes/bluebook/%E7%AC%AC%E4%B8%80%E7%AF%87%20%E4%BD%BF%E7%94%A8%E6%89%8B%E5%86%8C%EF%BC%9A%E5%85%88%E6%8A%8A%20WorkBuddy%20%E7%94%A8%E8%B5%B7%E6%9D%A5/%E7%AC%AC%208%20%E7%AB%A0%20WorkBuddy%20%E6%8E%A5%E5%85%A5%E5%B0%8F%E7%A8%8B%E5%BA%8F%E4%B8%8E%20IM%20%E5%8A%A9%E7%90%86/assets/005_%E5%BE%AE%E4%BF%A1%E5%8A%A9%E7%90%86-%E5%B7%B2%E7%BB%91%E5%AE%9A_ZQtrb6jCmo.png,/article-assets/source-calibration/ch08/005.png,/article-assets/replacements/ch08/005.png,1532,435,png,awaiting-replacement,
ch08-006,/wb-x/第一篇 使用手册：先把 WorkBuddy 用起来/第 8 章 WorkBuddy 接入小程序与 IM 助理/,6,第 8 章 WorkBuddy 接入小程序与 IM 助理 — image 6,https://workbuddy.homes/bluebook/%E7%AC%AC%E4%B8%80%E7%AF%87%20%E4%BD%BF%E7%94%A8%E6%89%8B%E5%86%8C%EF%BC%9A%E5%85%88%E6%8A%8A%20WorkBuddy%20%E7%94%A8%E8%B5%B7%E6%9D%A5/%E7%AC%AC%208%20%E7%AB%A0%20WorkBuddy%20%E6%8E%A5%E5%85%A5%E5%B0%8F%E7%A8%8B%E5%BA%8F%E4%B8%8E%20IM%20%E5%8A%A9%E7%90%86/assets/006_image_SbcEbSaoio.png,/article-assets/source-calibration/ch08/006.png,/article-assets/replacements/ch08/006.png,3456,1994,png,awaiting-replacement,
ch08-007,/wb-x/第一篇 使用手册：先把 WorkBuddy 用起来/第 8 章 WorkBuddy 接入小程序与 IM 助理/,7,第 8 章 WorkBuddy 接入小程序与 IM 助理 — image 7,https://workbuddy.homes/bluebook/%E7%AC%AC%E4%B8%80%E7%AF%87%20%E4%BD%BF%E7%94%A8%E6%89%8B%E5%86%8C%EF%BC%9A%E5%85%88%E6%8A%8A%20WorkBuddy%20%E7%94%A8%E8%B5%B7%E6%9D%A5/%E7%AC%AC%208%20%E7%AB%A0%20WorkBuddy%20%E6%8E%A5%E5%85%A5%E5%B0%8F%E7%A8%8B%E5%BA%8F%E4%B8%8E%20IM%20%E5%8A%A9%E7%90%86/assets/007_%E9%A3%9E%E4%B9%A6-%E7%99%BB%E5%BD%95%E5%BC%80%E6%94%BE%E5%B9%B3%E5%8F%B0_EUPhblavHo.png,/article-assets/source-calibration/ch08/007.png,/article-assets/replacements/ch08/007.png,2546,1602,png,awaiting-replacement,
ch08-008,/wb-x/第一篇 使用手册：先把 WorkBuddy 用起来/第 8 章 WorkBuddy 接入小程序与 IM 助理/,8,第 8 章 WorkBuddy 接入小程序与 IM 助理 — image 8,https://workbuddy.homes/bluebook/%E7%AC%AC%E4%B8%80%E7%AF%87%20%E4%BD%BF%E7%94%A8%E6%89%8B%E5%86%8C%EF%BC%9A%E5%85%88%E6%8A%8A%20WorkBuddy%20%E7%94%A8%E8%B5%B7%E6%9D%A5/%E7%AC%AC%208%20%E7%AB%A0%20WorkBuddy%20%E6%8E%A5%E5%85%A5%E5%B0%8F%E7%A8%8B%E5%BA%8F%E4%B8%8E%20IM%20%E5%8A%A9%E7%90%86/assets/008_%E9%A3%9E%E4%B9%A6-%E6%B7%BB%E5%8A%A0%E6%9C%BA%E5%99%A8%E4%BA%BA%E8%83%BD%E5%8A%9B_XFmTb5HGQo.png,/article-assets/source-calibration/ch08/008.png,/article-assets/replacements/ch08/008.png,2550,1546,png,awaiting-replacement,
ch08-009,/wb-x/第一篇 使用手册：先把 WorkBuddy 用起来/第 8 章 WorkBuddy 接入小程序与 IM 助理/,9,第 8 章 WorkBuddy 接入小程序与 IM 助理 — image 9,https://workbuddy.homes/bluebook/%E7%AC%AC%E4%B8%80%E7%AF%87%20%E4%BD%BF%E7%94%A8%E6%89%8B%E5%86%8C%EF%BC%9A%E5%85%88%E6%8A%8A%20WorkBuddy%20%E7%94%A8%E8%B5%B7%E6%9D%A5/%E7%AC%AC%208%20%E7%AB%A0%20WorkBuddy%20%E6%8E%A5%E5%85%A5%E5%B0%8F%E7%A8%8B%E5%BA%8F%E4%B8%8E%20IM%20%E5%8A%A9%E7%90%86/assets/009_%E9%A3%9E%E4%B9%A6-%E6%89%B9%E9%87%8F%E5%AF%BC%E5%85%A5%E6%9D%83%E9%99%90_MRdCbm3Dvo.png,/article-assets/source-calibration/ch08/009.png,/article-assets/replacements/ch08/009.png,3448,1900,png,awaiting-replacement,
ch08-010,/wb-x/第一篇 使用手册：先把 WorkBuddy 用起来/第 8 章 WorkBuddy 接入小程序与 IM 助理/,10,第 8 章 WorkBuddy 接入小程序与 IM 助理 — image 10,https://workbuddy.homes/bluebook/%E7%AC%AC%E4%B8%80%E7%AF%87%20%E4%BD%BF%E7%94%A8%E6%89%8B%E5%86%8C%EF%BC%9A%E5%85%88%E6%8A%8A%20WorkBuddy%20%E7%94%A8%E8%B5%B7%E6%9D%A5/%E7%AC%AC%208%20%E7%AB%A0%20WorkBuddy%20%E6%8E%A5%E5%85%A5%E5%B0%8F%E7%A8%8B%E5%BA%8F%E4%B8%8E%20IM%20%E5%8A%A9%E7%90%86/assets/010_%E9%A3%9E%E4%B9%A6-%E5%BA%94%E7%94%A8%E5%87%AD%E8%AF%81_CnItbspOUo.png,/article-assets/source-calibration/ch08/010.png,/article-assets/replacements/ch08/010.png,2544,1380,png,awaiting-replacement,
ch08-011,/wb-x/第一篇 使用手册：先把 WorkBuddy 用起来/第 8 章 WorkBuddy 接入小程序与 IM 助理/,11,第 8 章 WorkBuddy 接入小程序与 IM 助理 — image 11,https://workbuddy.homes/bluebook/%E7%AC%AC%E4%B8%80%E7%AF%87%20%E4%BD%BF%E7%94%A8%E6%89%8B%E5%86%8C%EF%BC%9A%E5%85%88%E6%8A%8A%20WorkBuddy%20%E7%94%A8%E8%B5%B7%E6%9D%A5/%E7%AC%AC%208%20%E7%AB%A0%20WorkBuddy%20%E6%8E%A5%E5%85%A5%E5%B0%8F%E7%A8%8B%E5%BA%8F%E4%B8%8E%20IM%20%E5%8A%A9%E7%90%86/assets/011_%E9%A3%9E%E4%B9%A6-%E5%8A%A0%E5%AF%86%E4%B8%8E%E6%A0%A1%E9%AA%8C%E9%85%8D%E7%BD%AE_WiAYbwBDKo.png,/article-assets/source-calibration/ch08/011.png,/article-assets/replacements/ch08/011.png,3832,1520,png,awaiting-replacement,
ch08-012,/wb-x/第一篇 使用手册：先把 WorkBuddy 用起来/第 8 章 WorkBuddy 接入小程序与 IM 助理/,12,第 8 章 WorkBuddy 接入小程序与 IM 助理 — image 12,https://workbuddy.homes/bluebook/%E7%AC%AC%E4%B8%80%E7%AF%87%20%E4%BD%BF%E7%94%A8%E6%89%8B%E5%86%8C%EF%BC%9A%E5%85%88%E6%8A%8A%20WorkBuddy%20%E7%94%A8%E8%B5%B7%E6%9D%A5/%E7%AC%AC%208%20%E7%AB%A0%20WorkBuddy%20%E6%8E%A5%E5%85%A5%E5%B0%8F%E7%A8%8B%E5%BA%8F%E4%B8%8E%20IM%20%E5%8A%A9%E7%90%86/assets/012_%E9%A3%9E%E4%B9%A6-%E6%B7%BB%E5%8A%A0%E6%8E%A5%E6%94%B6%E6%B6%88%E6%81%AF%E4%BA%8B%E4%BB%B6_X4z6bNPsso.png,/article-assets/source-calibration/ch08/012.png,/article-assets/replacements/ch08/012.png,3262,2490,png,awaiting-replacement,
ch08-013,/wb-x/第一篇 使用手册：先把 WorkBuddy 用起来/第 8 章 WorkBuddy 接入小程序与 IM 助理/,13,第 8 章 WorkBuddy 接入小程序与 IM 助理 — image 13,https://workbuddy.homes/bluebook/%E7%AC%AC%E4%B8%80%E7%AF%87%20%E4%BD%BF%E7%94%A8%E6%89%8B%E5%86%8C%EF%BC%9A%E5%85%88%E6%8A%8A%20WorkBuddy%20%E7%94%A8%E8%B5%B7%E6%9D%A5/%E7%AC%AC%208%20%E7%AB%A0%20WorkBuddy%20%E6%8E%A5%E5%85%A5%E5%B0%8F%E7%A8%8B%E5%BA%8F%E4%B8%8E%20IM%20%E5%8A%A9%E7%90%86/assets/013_%E9%A3%9E%E4%B9%A6-%E5%8D%A1%E7%89%87%E5%9B%9E%E8%B0%83_AvOxbO7M9o.png,/article-assets/source-calibration/ch08/013.png,/article-assets/replacements/ch08/013.png,3348,780,png,awaiting-replacement,
ch08-014,/wb-x/第一篇 使用手册：先把 WorkBuddy 用起来/第 8 章 WorkBuddy 接入小程序与 IM 助理/,14,第 8 章 WorkBuddy 接入小程序与 IM 助理 — image 14,https://workbuddy.homes/bluebook/%E7%AC%AC%E4%B8%80%E7%AF%87%20%E4%BD%BF%E7%94%A8%E6%89%8B%E5%86%8C%EF%BC%9A%E5%85%88%E6%8A%8A%20WorkBuddy%20%E7%94%A8%E8%B5%B7%E6%9D%A5/%E7%AC%AC%208%20%E7%AB%A0%20WorkBuddy%20%E6%8E%A5%E5%85%A5%E5%B0%8F%E7%A8%8B%E5%BA%8F%E4%B8%8E%20IM%20%E5%8A%A9%E7%90%86/assets/014_%E9%A3%9E%E4%B9%A6-%E5%8F%91%E5%B8%83%E5%BA%94%E7%94%A8_TafwbySxco.png,/article-assets/source-calibration/ch08/014.png,/article-assets/replacements/ch08/014.png,2172,930,png,awaiting-replacement,
ch08-015,/wb-x/第一篇 使用手册：先把 WorkBuddy 用起来/第 8 章 WorkBuddy 接入小程序与 IM 助理/,15,第 8 章 WorkBuddy 接入小程序与 IM 助理 — image 15,https://workbuddy.homes/bluebook/%E7%AC%AC%E4%B8%80%E7%AF%87%20%E4%BD%BF%E7%94%A8%E6%89%8B%E5%86%8C%EF%BC%9A%E5%85%88%E6%8A%8A%20WorkBuddy%20%E7%94%A8%E8%B5%B7%E6%9D%A5/%E7%AC%AC%208%20%E7%AB%A0%20WorkBuddy%20%E6%8E%A5%E5%85%A5%E5%B0%8F%E7%A8%8B%E5%BA%8F%E4%B8%8E%20IM%20%E5%8A%A9%E7%90%86/assets/015_image_RRhMbPo5uo.png,/article-assets/source-calibration/ch08/015.png,/article-assets/replacements/ch08/015.png,3456,1994,png,awaiting-replacement,
ch08-016,/wb-x/第一篇 使用手册：先把 WorkBuddy 用起来/第 8 章 WorkBuddy 接入小程序与 IM 助理/,16,第 8 章 WorkBuddy 接入小程序与 IM 助理 — image 16,https://workbuddy.homes/bluebook/%E7%AC%AC%E4%B8%80%E7%AF%87%20%E4%BD%BF%E7%94%A8%E6%89%8B%E5%86%8C%EF%BC%9A%E5%85%88%E6%8A%8A%20WorkBuddy%20%E7%94%A8%E8%B5%B7%E6%9D%A5/%E7%AC%AC%208%20%E7%AB%A0%20WorkBuddy%20%E6%8E%A5%E5%85%A5%E5%B0%8F%E7%A8%8B%E5%BA%8F%E4%B8%8E%20IM%20%E5%8A%A9%E7%90%86/assets/016_%E9%92%89%E9%92%89-%E5%88%9B%E5%BB%BA%E5%BA%94%E7%94%A8_NuNTbdscZo.png,/article-assets/source-calibration/ch08/016.png,/article-assets/replacements/ch08/016.png,3014,866,png,awaiting-replacement,
ch08-017,/wb-x/第一篇 使用手册：先把 WorkBuddy 用起来/第 8 章 WorkBuddy 接入小程序与 IM 助理/,17,第 8 章 WorkBuddy 接入小程序与 IM 助理 — image 17,https://workbuddy.homes/bluebook/%E7%AC%AC%E4%B8%80%E7%AF%87%20%E4%BD%BF%E7%94%A8%E6%89%8B%E5%86%8C%EF%BC%9A%E5%85%88%E6%8A%8A%20WorkBuddy%20%E7%94%A8%E8%B5%B7%E6%9D%A5/%E7%AC%AC%208%20%E7%AB%A0%20WorkBuddy%20%E6%8E%A5%E5%85%A5%E5%B0%8F%E7%A8%8B%E5%BA%8F%E4%B8%8E%20IM%20%E5%8A%A9%E7%90%86/assets/017_%E9%92%89%E9%92%89-%E6%B7%BB%E5%8A%A0%E6%9C%BA%E5%99%A8%E4%BA%BA%E8%83%BD%E5%8A%9B_ORRbbZrqgo.png,/article-assets/source-calibration/ch08/017.png,/article-assets/replacements/ch08/017.png,2548,1536,png,awaiting-replacement,
ch08-018,/wb-x/第一篇 使用手册：先把 WorkBuddy 用起来/第 8 章 WorkBuddy 接入小程序与 IM 助理/,18,第 8 章 WorkBuddy 接入小程序与 IM 助理 — image 18,https://workbuddy.homes/bluebook/%E7%AC%AC%E4%B8%80%E7%AF%87%20%E4%BD%BF%E7%94%A8%E6%89%8B%E5%86%8C%EF%BC%9A%E5%85%88%E6%8A%8A%20WorkBuddy%20%E7%94%A8%E8%B5%B7%E6%9D%A5/%E7%AC%AC%208%20%E7%AB%A0%20WorkBuddy%20%E6%8E%A5%E5%85%A5%E5%B0%8F%E7%A8%8B%E5%BA%8F%E4%B8%8E%20IM%20%E5%8A%A9%E7%90%86/assets/018_%E9%92%89%E9%92%89-%E5%BC%80%E9%80%9A%E6%9D%83%E9%99%90_QG1zbPhcxo.png,/article-assets/source-calibration/ch08/018.png,/article-assets/replacements/ch08/018.png,2558,1536,png,awaiting-replacement,
ch08-019,/wb-x/第一篇 使用手册：先把 WorkBuddy 用起来/第 8 章 WorkBuddy 接入小程序与 IM 助理/,19,第 8 章 WorkBuddy 接入小程序与 IM 助理 — image 19,https://workbuddy.homes/bluebook/%E7%AC%AC%E4%B8%80%E7%AF%87%20%E4%BD%BF%E7%94%A8%E6%89%8B%E5%86%8C%EF%BC%9A%E5%85%88%E6%8A%8A%20WorkBuddy%20%E7%94%A8%E8%B5%B7%E6%9D%A5/%E7%AC%AC%208%20%E7%AB%A0%20WorkBuddy%20%E6%8E%A5%E5%85%A5%E5%B0%8F%E7%A8%8B%E5%BA%8F%E4%B8%8E%20IM%20%E5%8A%A9%E7%90%86/assets/019_%E9%92%89%E9%92%89-%E8%8E%B7%E5%8F%96%E5%BA%94%E7%94%A8%E5%87%AD%E8%AF%81_OI8fbW0JNo.png,/article-assets/source-calibration/ch08/019.png,/article-assets/replacements/ch08/019.png,2550,1532,png,awaiting-replacement,
ch09-001,/wb-x/第一篇 使用手册：先把 WorkBuddy 用起来/第 9 章 如何接入外部 API/,1,第 9 章 如何接入外部 API — image 1,https://workbuddy.homes/bluebook/%E7%AC%AC%E4%B8%80%E7%AF%87%20%E4%BD%BF%E7%94%A8%E6%89%8B%E5%86%8C%EF%BC%9A%E5%85%88%E6%8A%8A%20WorkBuddy%20%E7%94%A8%E8%B5%B7%E6%9D%A5/%E7%AC%AC%209%20%E7%AB%A0%20%E5%A6%82%E4%BD%95%E6%8E%A5%E5%85%A5%E5%A4%96%E9%83%A8%20API/assets/001_image_CaRmbk2N1o.png,/article-assets/source-calibration/ch09/001.png,/article-assets/replacements/ch09/001.png,3456,1994,png,awaiting-replacement,
ch09-002,/wb-x/第一篇 使用手册：先把 WorkBuddy 用起来/第 9 章 如何接入外部 API/,2,第 9 章 如何接入外部 API — image 2,https://workbuddy.homes/bluebook/%E7%AC%AC%E4%B8%80%E7%AF%87%20%E4%BD%BF%E7%94%A8%E6%89%8B%E5%86%8C%EF%BC%9A%E5%85%88%E6%8A%8A%20WorkBuddy%20%E7%94%A8%E8%B5%B7%E6%9D%A5/%E7%AC%AC%209%20%E7%AB%A0%20%E5%A6%82%E4%BD%95%E6%8E%A5%E5%85%A5%E5%A4%96%E9%83%A8%20API/assets/002_image_PQxNb3id8o.png,/article-assets/source-calibration/ch09/002.png,/article-assets/replacements/ch09/002.png,3456,1994,png,awaiting-replacement,
ch09-003,/wb-x/第一篇 使用手册：先把 WorkBuddy 用起来/第 9 章 如何接入外部 API/,3,第 9 章 如何接入外部 API — image 3,https://workbuddy.homes/bluebook/%E7%AC%AC%E4%B8%80%E7%AF%87%20%E4%BD%BF%E7%94%A8%E6%89%8B%E5%86%8C%EF%BC%9A%E5%85%88%E6%8A%8A%20WorkBuddy%20%E7%94%A8%E8%B5%B7%E6%9D%A5/%E7%AC%AC%209%20%E7%AB%A0%20%E5%A6%82%E4%BD%95%E6%8E%A5%E5%85%A5%E5%A4%96%E9%83%A8%20API/assets/003_image_De1fbH0Gho.png,/article-assets/source-calibration/ch09/003.png,/article-assets/replacements/ch09/003.png,3456,1994,png,awaiting-replacement,
ch09-004,/wb-x/第一篇 使用手册：先把 WorkBuddy 用起来/第 9 章 如何接入外部 API/,4,第 9 章 如何接入外部 API — image 4,https://workbuddy.homes/bluebook/%E7%AC%AC%E4%B8%80%E7%AF%87%20%E4%BD%BF%E7%94%A8%E6%89%8B%E5%86%8C%EF%BC%9A%E5%85%88%E6%8A%8A%20WorkBuddy%20%E7%94%A8%E8%B5%B7%E6%9D%A5/%E7%AC%AC%209%20%E7%AB%A0%20%E5%A6%82%E4%BD%95%E6%8E%A5%E5%85%A5%E5%A4%96%E9%83%A8%20API/assets/004_image_Fa7pb60ARo.png,/article-assets/source-calibration/ch09/004.png,/article-assets/replacements/ch09/004.png,3456,1994,png,awaiting-replacement,
ch09-005,/wb-x/第一篇 使用手册：先把 WorkBuddy 用起来/第 9 章 如何接入外部 API/,5,第 9 章 如何接入外部 API — image 5,https://workbuddy.homes/bluebook/%E7%AC%AC%E4%B8%80%E7%AF%87%20%E4%BD%BF%E7%94%A8%E6%89%8B%E5%86%8C%EF%BC%9A%E5%85%88%E6%8A%8A%20WorkBuddy%20%E7%94%A8%E8%B5%B7%E6%9D%A5/%E7%AC%AC%209%20%E7%AB%A0%20%E5%A6%82%E4%BD%95%E6%8E%A5%E5%85%A5%E5%A4%96%E9%83%A8%20API/assets/005_image_W9u5bNsaMo.png,/article-assets/source-calibration/ch09/005.png,/article-assets/replacements/ch09/005.png,3456,1994,png,awaiting-replacement,
ch09-006,/wb-x/第一篇 使用手册：先把 WorkBuddy 用起来/第 9 章 如何接入外部 API/,6,第 9 章 如何接入外部 API — image 6,https://workbuddy.homes/bluebook/%E7%AC%AC%E4%B8%80%E7%AF%87%20%E4%BD%BF%E7%94%A8%E6%89%8B%E5%86%8C%EF%BC%9A%E5%85%88%E6%8A%8A%20WorkBuddy%20%E7%94%A8%E8%B5%B7%E6%9D%A5/%E7%AC%AC%209%20%E7%AB%A0%20%E5%A6%82%E4%BD%95%E6%8E%A5%E5%85%A5%E5%A4%96%E9%83%A8%20API/assets/006_image_BSnBbYupuo.png,/article-assets/source-calibration/ch09/006.png,/article-assets/replacements/ch09/006.png,3456,1994,png,awaiting-replacement,
ch10-001,/wb-x/第一篇 使用手册：先把 WorkBuddy 用起来/第 10 章 WorkBuddy 自动化任务/,1,第 10 章 WorkBuddy 自动化任务 — image 1,https://workbuddy.homes/bluebook/%E7%AC%AC%E4%B8%80%E7%AF%87%20%E4%BD%BF%E7%94%A8%E6%89%8B%E5%86%8C%EF%BC%9A%E5%85%88%E6%8A%8A%20WorkBuddy%20%E7%94%A8%E8%B5%B7%E6%9D%A5/%E7%AC%AC%2010%20%E7%AB%A0%20WorkBuddy%20%E8%87%AA%E5%8A%A8%E5%8C%96%E4%BB%BB%E5%8A%A1/assets/001_image_RklAba93No.png,/article-assets/source-calibration/ch10/001.png,/article-assets/replacements/ch10/001.png,3456,1994,png,awaiting-replacement,
ch10-002,/wb-x/第一篇 使用手册：先把 WorkBuddy 用起来/第 10 章 WorkBuddy 自动化任务/,2,第 10 章 WorkBuddy 自动化任务 — image 2,https://workbuddy.homes/bluebook/%E7%AC%AC%E4%B8%80%E7%AF%87%20%E4%BD%BF%E7%94%A8%E6%89%8B%E5%86%8C%EF%BC%9A%E5%85%88%E6%8A%8A%20WorkBuddy%20%E7%94%A8%E8%B5%B7%E6%9D%A5/%E7%AC%AC%2010%20%E7%AB%A0%20WorkBuddy%20%E8%87%AA%E5%8A%A8%E5%8C%96%E4%BB%BB%E5%8A%A1/assets/002_image_MhojbPRsOo.png,/article-assets/source-calibration/ch10/002.png,/article-assets/replacements/ch10/002.png,3456,1994,png,awaiting-replacement,
ch10-003,/wb-x/第一篇 使用手册：先把 WorkBuddy 用起来/第 10 章 WorkBuddy 自动化任务/,3,第 10 章 WorkBuddy 自动化任务 — image 3,https://workbuddy.homes/bluebook/%E7%AC%AC%E4%B8%80%E7%AF%87%20%E4%BD%BF%E7%94%A8%E6%89%8B%E5%86%8C%EF%BC%9A%E5%85%88%E6%8A%8A%20WorkBuddy%20%E7%94%A8%E8%B5%B7%E6%9D%A5/%E7%AC%AC%2010%20%E7%AB%A0%20WorkBuddy%20%E8%87%AA%E5%8A%A8%E5%8C%96%E4%BB%BB%E5%8A%A1/assets/003_image_Ff6fbYuGoo.png,/article-assets/source-calibration/ch10/003.png,/article-assets/replacements/ch10/003.png,3456,1994,png,awaiting-replacement,
ch10-004,/wb-x/第一篇 使用手册：先把 WorkBuddy 用起来/第 10 章 WorkBuddy 自动化任务/,4,第 10 章 WorkBuddy 自动化任务 — image 4,https://workbuddy.homes/bluebook/%E7%AC%AC%E4%B8%80%E7%AF%87%20%E4%BD%BF%E7%94%A8%E6%89%8B%E5%86%8C%EF%BC%9A%E5%85%88%E6%8A%8A%20WorkBuddy%20%E7%94%A8%E8%B5%B7%E6%9D%A5/%E7%AC%AC%2010%20%E7%AB%A0%20WorkBuddy%20%E8%87%AA%E5%8A%A8%E5%8C%96%E4%BB%BB%E5%8A%A1/assets/004_%E8%87%AA%E5%8A%A8%E5%8C%96-%E4%BB%BB%E5%8A%A1%E6%A8%A1%E6%9D%BF_FYNwbDWqbo.png,/article-assets/source-calibration/ch10/004.png,/article-assets/replacements/ch10/004.png,1269,693,png,awaiting-replacement,
ch11-001,/wb-x/第二篇 案例篇：从一项任务到一支 AI 团队/第 11 章 办公三件套：Word、Excel、PPT/,1,第 11 章 办公三件套：Word、Excel、PPT — image 1,https://workbuddy.homes/bluebook/%E7%AC%AC%E4%BA%8C%E7%AF%87%20%E6%A1%88%E4%BE%8B%E7%AF%87%EF%BC%9A%E4%BB%8E%E4%B8%80%E9%A1%B9%E4%BB%BB%E5%8A%A1%E5%88%B0%E4%B8%80%E6%94%AF%20AI%20%E5%9B%A2%E9%98%9F/%E7%AC%AC%2011%20%E7%AB%A0%20%E5%8A%9E%E5%85%AC%E4%B8%89%E4%BB%B6%E5%A5%97%EF%BC%9AWord%E3%80%81Excel%E3%80%81PPT/assets/001_image_PhFMbu3kTo.png,/article-assets/source-calibration/ch11/001.png,/article-assets/replacements/ch11/001.png,2878,1484,png,awaiting-replacement,
ch11-002,/wb-x/第二篇 案例篇：从一项任务到一支 AI 团队/第 11 章 办公三件套：Word、Excel、PPT/,2,第 11 章 办公三件套：Word、Excel、PPT — image 2,https://workbuddy.homes/bluebook/%E7%AC%AC%E4%BA%8C%E7%AF%87%20%E6%A1%88%E4%BE%8B%E7%AF%87%EF%BC%9A%E4%BB%8E%E4%B8%80%E9%A1%B9%E4%BB%BB%E5%8A%A1%E5%88%B0%E4%B8%80%E6%94%AF%20AI%20%E5%9B%A2%E9%98%9F/%E7%AC%AC%2011%20%E7%AB%A0%20%E5%8A%9E%E5%85%AC%E4%B8%89%E4%BB%B6%E5%A5%97%EF%BC%9AWord%E3%80%81Excel%E3%80%81PPT/assets/002_image_UVm5bKLrZo.png,/article-assets/source-calibration/ch11/002.png,/article-assets/replacements/ch11/002.png,2460,1568,png,awaiting-replacement,
ch11-003,/wb-x/第二篇 案例篇：从一项任务到一支 AI 团队/第 11 章 办公三件套：Word、Excel、PPT/,3,第 11 章 办公三件套：Word、Excel、PPT — image 3,https://workbuddy.homes/bluebook/%E7%AC%AC%E4%BA%8C%E7%AF%87%20%E6%A1%88%E4%BE%8B%E7%AF%87%EF%BC%9A%E4%BB%8E%E4%B8%80%E9%A1%B9%E4%BB%BB%E5%8A%A1%E5%88%B0%E4%B8%80%E6%94%AF%20AI%20%E5%9B%A2%E9%98%9F/%E7%AC%AC%2011%20%E7%AB%A0%20%E5%8A%9E%E5%85%AC%E4%B8%89%E4%BB%B6%E5%A5%97%EF%BC%9AWord%E3%80%81Excel%E3%80%81PPT/assets/003_image_IoOLbfEcvo.png,/article-assets/source-calibration/ch11/003.png,/article-assets/replacements/ch11/003.png,3456,1696,png,awaiting-replacement,
ch11-004,/wb-x/第二篇 案例篇：从一项任务到一支 AI 团队/第 11 章 办公三件套：Word、Excel、PPT/,4,第 11 章 办公三件套：Word、Excel、PPT — image 4,https://workbuddy.homes/bluebook/%E7%AC%AC%E4%BA%8C%E7%AF%87%20%E6%A1%88%E4%BE%8B%E7%AF%87%EF%BC%9A%E4%BB%8E%E4%B8%80%E9%A1%B9%E4%BB%BB%E5%8A%A1%E5%88%B0%E4%B8%80%E6%94%AF%20AI%20%E5%9B%A2%E9%98%9F/%E7%AC%AC%2011%20%E7%AB%A0%20%E5%8A%9E%E5%85%AC%E4%B8%89%E4%BB%B6%E5%A5%97%EF%BC%9AWord%E3%80%81Excel%E3%80%81PPT/assets/004_image_V1RpbVGuno.png,/article-assets/source-calibration/ch11/004.png,/article-assets/replacements/ch11/004.png,1434,1528,png,awaiting-replacement,
ch11-005,/wb-x/第二篇 案例篇：从一项任务到一支 AI 团队/第 11 章 办公三件套：Word、Excel、PPT/,5,第 11 章 办公三件套：Word、Excel、PPT — image 5,https://workbuddy.homes/bluebook/%E7%AC%AC%E4%BA%8C%E7%AF%87%20%E6%A1%88%E4%BE%8B%E7%AF%87%EF%BC%9A%E4%BB%8E%E4%B8%80%E9%A1%B9%E4%BB%BB%E5%8A%A1%E5%88%B0%E4%B8%80%E6%94%AF%20AI%20%E5%9B%A2%E9%98%9F/%E7%AC%AC%2011%20%E7%AB%A0%20%E5%8A%9E%E5%85%AC%E4%B8%89%E4%BB%B6%E5%A5%97%EF%BC%9AWord%E3%80%81Excel%E3%80%81PPT/assets/011_image_HqbtbVTw3o.png,/article-assets/source-calibration/ch11/005.png,/article-assets/replacements/ch11/005.png,2406,1662,png,awaiting-replacement,
ch11-006,/wb-x/第二篇 案例篇：从一项任务到一支 AI 团队/第 11 章 办公三件套：Word、Excel、PPT/,6,第 11 章 办公三件套：Word、Excel、PPT — image 6,https://workbuddy.homes/bluebook/%E7%AC%AC%E4%BA%8C%E7%AF%87%20%E6%A1%88%E4%BE%8B%E7%AF%87%EF%BC%9A%E4%BB%8E%E4%B8%80%E9%A1%B9%E4%BB%BB%E5%8A%A1%E5%88%B0%E4%B8%80%E6%94%AF%20AI%20%E5%9B%A2%E9%98%9F/%E7%AC%AC%2011%20%E7%AB%A0%20%E5%8A%9E%E5%85%AC%E4%B8%89%E4%BB%B6%E5%A5%97%EF%BC%9AWord%E3%80%81Excel%E3%80%81PPT/assets/012_image_MhArbb6Woo.png,/article-assets/source-calibration/ch11/006.png,/article-assets/replacements/ch11/006.png,1356,1604,png,awaiting-replacement,
ch11-007,/wb-x/第二篇 案例篇：从一项任务到一支 AI 团队/第 11 章 办公三件套：Word、Excel、PPT/,7,第 11 章 办公三件套：Word、Excel、PPT — image 7,https://workbuddy.homes/bluebook/%E7%AC%AC%E4%BA%8C%E7%AF%87%20%E6%A1%88%E4%BE%8B%E7%AF%87%EF%BC%9A%E4%BB%8E%E4%B8%80%E9%A1%B9%E4%BB%BB%E5%8A%A1%E5%88%B0%E4%B8%80%E6%94%AF%20AI%20%E5%9B%A2%E9%98%9F/%E7%AC%AC%2011%20%E7%AB%A0%20%E5%8A%9E%E5%85%AC%E4%B8%89%E4%BB%B6%E5%A5%97%EF%BC%9AWord%E3%80%81Excel%E3%80%81PPT/assets/005_image_I118b7wyUo.png,/article-assets/source-calibration/ch11/007.png,/article-assets/replacements/ch11/007.png,3456,1698,png,awaiting-replacement,
ch11-008,/wb-x/第二篇 案例篇：从一项任务到一支 AI 团队/第 11 章 办公三件套：Word、Excel、PPT/,8,第 11 章 办公三件套：Word、Excel、PPT — image 8,https://workbuddy.homes/bluebook/%E7%AC%AC%E4%BA%8C%E7%AF%87%20%E6%A1%88%E4%BE%8B%E7%AF%87%EF%BC%9A%E4%BB%8E%E4%B8%80%E9%A1%B9%E4%BB%BB%E5%8A%A1%E5%88%B0%E4%B8%80%E6%94%AF%20AI%20%E5%9B%A2%E9%98%9F/%E7%AC%AC%2011%20%E7%AB%A0%20%E5%8A%9E%E5%85%AC%E4%B8%89%E4%BB%B6%E5%A5%97%EF%BC%9AWord%E3%80%81Excel%E3%80%81PPT/assets/006_image_BWkRb60JPo.png,/article-assets/source-calibration/ch11/008.png,/article-assets/replacements/ch11/008.png,2926,1994,png,awaiting-replacement,
ch11-009,/wb-x/第二篇 案例篇：从一项任务到一支 AI 团队/第 11 章 办公三件套：Word、Excel、PPT/,9,第 11 章 办公三件套：Word、Excel、PPT — image 9,https://workbuddy.homes/bluebook/%E7%AC%AC%E4%BA%8C%E7%AF%87%20%E6%A1%88%E4%BE%8B%E7%AF%87%EF%BC%9A%E4%BB%8E%E4%B8%80%E9%A1%B9%E4%BB%BB%E5%8A%A1%E5%88%B0%E4%B8%80%E6%94%AF%20AI%20%E5%9B%A2%E9%98%9F/%E7%AC%AC%2011%20%E7%AB%A0%20%E5%8A%9E%E5%85%AC%E4%B8%89%E4%BB%B6%E5%A5%97%EF%BC%9AWord%E3%80%81Excel%E3%80%81PPT/assets/007_image_XtfQbkCqio.png,/article-assets/source-calibration/ch11/009.png,/article-assets/replacements/ch11/009.png,2904,1206,png,awaiting-replacement,
ch11-010,/wb-x/第二篇 案例篇：从一项任务到一支 AI 团队/第 11 章 办公三件套：Word、Excel、PPT/,10,第 11 章 办公三件套：Word、Excel、PPT — image 10,https://workbuddy.homes/bluebook/%E7%AC%AC%E4%BA%8C%E7%AF%87%20%E6%A1%88%E4%BE%8B%E7%AF%87%EF%BC%9A%E4%BB%8E%E4%B8%80%E9%A1%B9%E4%BB%BB%E5%8A%A1%E5%88%B0%E4%B8%80%E6%94%AF%20AI%20%E5%9B%A2%E9%98%9F/%E7%AC%AC%2011%20%E7%AB%A0%20%E5%8A%9E%E5%85%AC%E4%B8%89%E4%BB%B6%E5%A5%97%EF%BC%9AWord%E3%80%81Excel%E3%80%81PPT/assets/009_image_UNEqbRnJfo.png,/article-assets/source-calibration/ch11/010.png,/article-assets/replacements/ch11/010.png,2392,1772,png,awaiting-replacement,
ch11-011,/wb-x/第二篇 案例篇：从一项任务到一支 AI 团队/第 11 章 办公三件套：Word、Excel、PPT/,11,第 11 章 办公三件套：Word、Excel、PPT — image 11,https://workbuddy.homes/bluebook/%E7%AC%AC%E4%BA%8C%E7%AF%87%20%E6%A1%88%E4%BE%8B%E7%AF%87%EF%BC%9A%E4%BB%8E%E4%B8%80%E9%A1%B9%E4%BB%BB%E5%8A%A1%E5%88%B0%E4%B8%80%E6%94%AF%20AI%20%E5%9B%A2%E9%98%9F/%E7%AC%AC%2011%20%E7%AB%A0%20%E5%8A%9E%E5%85%AC%E4%B8%89%E4%BB%B6%E5%A5%97%EF%BC%9AWord%E3%80%81Excel%E3%80%81PPT/assets/010_image_L25tbHIUeo.png,/article-assets/source-calibration/ch11/011.png,/article-assets/replacements/ch11/011.png,1158,1740,png,awaiting-replacement,
ch11-012,/wb-x/第二篇 案例篇：从一项任务到一支 AI 团队/第 11 章 办公三件套：Word、Excel、PPT/,12,第 11 章 办公三件套：Word、Excel、PPT — image 12,https://workbuddy.homes/bluebook/%E7%AC%AC%E4%BA%8C%E7%AF%87%20%E6%A1%88%E4%BE%8B%E7%AF%87%EF%BC%9A%E4%BB%8E%E4%B8%80%E9%A1%B9%E4%BB%BB%E5%8A%A1%E5%88%B0%E4%B8%80%E6%94%AF%20AI%20%E5%9B%A2%E9%98%9F/%E7%AC%AC%2011%20%E7%AB%A0%20%E5%8A%9E%E5%85%AC%E4%B8%89%E4%BB%B6%E5%A5%97%EF%BC%9AWord%E3%80%81Excel%E3%80%81PPT/assets/008_image_ABXObcQeeo.png,/article-assets/source-calibration/ch11/012.png,/article-assets/replacements/ch11/012.png,2908,1958,png,awaiting-replacement,
ch12-001,/wb-x/第二篇 案例篇：从一项任务到一支 AI 团队/第 12 章 从整理桌面文件这些小事做起/,1,第 12 章 从整理桌面文件这些小事做起 — image 1,https://workbuddy.homes/bluebook/%E7%AC%AC%E4%BA%8C%E7%AF%87%20%E6%A1%88%E4%BE%8B%E7%AF%87%EF%BC%9A%E4%BB%8E%E4%B8%80%E9%A1%B9%E4%BB%BB%E5%8A%A1%E5%88%B0%E4%B8%80%E6%94%AF%20AI%20%E5%9B%A2%E9%98%9F/%E7%AC%AC%2012%20%E7%AB%A0%20%E4%BB%8E%E6%95%B4%E7%90%86%E6%A1%8C%E9%9D%A2%E6%96%87%E4%BB%B6%E8%BF%99%E4%BA%9B%E5%B0%8F%E4%BA%8B%E5%81%9A%E8%B5%B7/assets/001_image_J9BUbk5hHo.png,/article-assets/source-calibration/ch12/001.png,/article-assets/replacements/ch12/001.png,1080,393,png,awaiting-replacement,
ch13-001,/wb-x/第二篇 案例篇：从一项任务到一支 AI 团队/第 13 章 远程控制你的电脑，不用发愁不在电脑前/,1,第 13 章 远程控制你的电脑，不用发愁不在电脑前 — image 1,https://workbuddy.homes/bluebook/%E7%AC%AC%E4%BA%8C%E7%AF%87%20%E6%A1%88%E4%BE%8B%E7%AF%87%EF%BC%9A%E4%BB%8E%E4%B8%80%E9%A1%B9%E4%BB%BB%E5%8A%A1%E5%88%B0%E4%B8%80%E6%94%AF%20AI%20%E5%9B%A2%E9%98%9F/%E7%AC%AC%2013%20%E7%AB%A0%20%E8%BF%9C%E7%A8%8B%E6%8E%A7%E5%88%B6%E4%BD%A0%E7%9A%84%E7%94%B5%E8%84%91%EF%BC%8C%E4%B8%8D%E7%94%A8%E5%8F%91%E6%84%81%E4%B8%8D%E5%9C%A8%E7%94%B5%E8%84%91%E5%89%8D/assets/001_26MfTlZV_KWt4b43Mbo.jpg,/article-assets/source-calibration/ch13/001.jpg,/article-assets/replacements/ch13/001.jpg,1080,811,jpg,awaiting-replacement,
ch13-002,/wb-x/第二篇 案例篇：从一项任务到一支 AI 团队/第 13 章 远程控制你的电脑，不用发愁不在电脑前/,2,第 13 章 远程控制你的电脑，不用发愁不在电脑前 — image 2,https://workbuddy.homes/bluebook/%E7%AC%AC%E4%BA%8C%E7%AF%87%20%E6%A1%88%E4%BE%8B%E7%AF%87%EF%BC%9A%E4%BB%8E%E4%B8%80%E9%A1%B9%E4%BB%BB%E5%8A%A1%E5%88%B0%E4%B8%80%E6%94%AF%20AI%20%E5%9B%A2%E9%98%9F/%E7%AC%AC%2013%20%E7%AB%A0%20%E8%BF%9C%E7%A8%8B%E6%8E%A7%E5%88%B6%E4%BD%A0%E7%9A%84%E7%94%B5%E8%84%91%EF%BC%8C%E4%B8%8D%E7%94%A8%E5%8F%91%E6%84%81%E4%B8%8D%E5%9C%A8%E7%94%B5%E8%84%91%E5%89%8D/assets/002_workbuddy-local-cloud-mode_CsMMbNpDWo.jpg,/article-assets/source-calibration/ch13/002.jpg,/article-assets/replacements/ch13/002.jpg,1080,617,jpg,awaiting-replacement,
ch13-003,/wb-x/第二篇 案例篇：从一项任务到一支 AI 团队/第 13 章 远程控制你的电脑，不用发愁不在电脑前/,3,第 13 章 远程控制你的电脑，不用发愁不在电脑前 — image 3,https://workbuddy.homes/bluebook/%E7%AC%AC%E4%BA%8C%E7%AF%87%20%E6%A1%88%E4%BE%8B%E7%AF%87%EF%BC%9A%E4%BB%8E%E4%B8%80%E9%A1%B9%E4%BB%BB%E5%8A%A1%E5%88%B0%E4%B8%80%E6%94%AF%20AI%20%E5%9B%A2%E9%98%9F/%E7%AC%AC%2013%20%E7%AB%A0%20%E8%BF%9C%E7%A8%8B%E6%8E%A7%E5%88%B6%E4%BD%A0%E7%9A%84%E7%94%B5%E8%84%91%EF%BC%8C%E4%B8%8D%E7%94%A8%E5%8F%91%E6%84%81%E4%B8%8D%E5%9C%A8%E7%94%B5%E8%84%91%E5%89%8D/assets/003_workbuddy-remote-ppt-search_TKo1bTVF0o.jpg,/article-assets/source-calibration/ch13/003.jpg,/article-assets/replacements/ch13/003.jpg,1080,723,jpg,awaiting-replacement,
ch13-004,/wb-x/第二篇 案例篇：从一项任务到一支 AI 团队/第 13 章 远程控制你的电脑，不用发愁不在电脑前/,4,第 13 章 远程控制你的电脑，不用发愁不在电脑前 — image 4,https://workbuddy.homes/bluebook/%E7%AC%AC%E4%BA%8C%E7%AF%87%20%E6%A1%88%E4%BE%8B%E7%AF%87%EF%BC%9A%E4%BB%8E%E4%B8%80%E9%A1%B9%E4%BB%BB%E5%8A%A1%E5%88%B0%E4%B8%80%E6%94%AF%20AI%20%E5%9B%A2%E9%98%9F/%E7%AC%AC%2013%20%E7%AB%A0%20%E8%BF%9C%E7%A8%8B%E6%8E%A7%E5%88%B6%E4%BD%A0%E7%9A%84%E7%94%B5%E8%84%91%EF%BC%8C%E4%B8%8D%E7%94%A8%E5%8F%91%E6%84%81%E4%B8%8D%E5%9C%A8%E7%94%B5%E8%84%91%E5%89%8D/assets/004_p8IJTS7o_AFVJb6OkJo.jpg,/article-assets/source-calibration/ch13/004.jpg,/article-assets/replacements/ch13/004.jpg,1080,529,jpg,awaiting-replacement,
ch13-005,/wb-x/第二篇 案例篇：从一项任务到一支 AI 团队/第 13 章 远程控制你的电脑，不用发愁不在电脑前/,5,第 13 章 远程控制你的电脑，不用发愁不在电脑前 — image 5,https://workbuddy.homes/bluebook/%E7%AC%AC%E4%BA%8C%E7%AF%87%20%E6%A1%88%E4%BE%8B%E7%AF%87%EF%BC%9A%E4%BB%8E%E4%B8%80%E9%A1%B9%E4%BB%BB%E5%8A%A1%E5%88%B0%E4%B8%80%E6%94%AF%20AI%20%E5%9B%A2%E9%98%9F/%E7%AC%AC%2013%20%E7%AB%A0%20%E8%BF%9C%E7%A8%8B%E6%8E%A7%E5%88%B6%E4%BD%A0%E7%9A%84%E7%94%B5%E8%84%91%EF%BC%8C%E4%B8%8D%E7%94%A8%E5%8F%91%E6%84%81%E4%B8%8D%E5%9C%A8%E7%94%B5%E8%84%91%E5%89%8D/assets/005_workbuddy-remote-task-execute_Aw3vbvuLho.jpg,/article-assets/source-calibration/ch13/005.png,/article-assets/replacements/ch13/005.png,1080,613,png,awaiting-replacement,
ch13-006,/wb-x/第二篇 案例篇：从一项任务到一支 AI 团队/第 13 章 远程控制你的电脑，不用发愁不在电脑前/,6,第 13 章 远程控制你的电脑，不用发愁不在电脑前 — image 6,https://workbuddy.homes/bluebook/%E7%AC%AC%E4%BA%8C%E7%AF%87%20%E6%A1%88%E4%BE%8B%E7%AF%87%EF%BC%9A%E4%BB%8E%E4%B8%80%E9%A1%B9%E4%BB%BB%E5%8A%A1%E5%88%B0%E4%B8%80%E6%94%AF%20AI%20%E5%9B%A2%E9%98%9F/%E7%AC%AC%2013%20%E7%AB%A0%20%E8%BF%9C%E7%A8%8B%E6%8E%A7%E5%88%B6%E4%BD%A0%E7%9A%84%E7%94%B5%E8%84%91%EF%BC%8C%E4%B8%8D%E7%94%A8%E5%8F%91%E6%84%81%E4%B8%8D%E5%9C%A8%E7%94%B5%E8%84%91%E5%89%8D/assets/006_image_GvG6bCfUyo.png,/article-assets/source-calibration/ch13/006.png,/article-assets/replacements/ch13/006.png,1016,971,png,awaiting-replacement,
ch14-001,/wb-x/第二篇 案例篇：从一项任务到一支 AI 团队/第 14 章 生活助手的价值，是减少琐碎/,1,第 14 章 生活助手的价值，是减少琐碎 — image 1,https://workbuddy.homes/bluebook/%E7%AC%AC%E4%BA%8C%E7%AF%87%20%E6%A1%88%E4%BE%8B%E7%AF%87%EF%BC%9A%E4%BB%8E%E4%B8%80%E9%A1%B9%E4%BB%BB%E5%8A%A1%E5%88%B0%E4%B8%80%E6%94%AF%20AI%20%E5%9B%A2%E9%98%9F/%E7%AC%AC%2014%20%E7%AB%A0%20%E7%94%9F%E6%B4%BB%E5%8A%A9%E6%89%8B%E7%9A%84%E4%BB%B7%E5%80%BC%EF%BC%8C%E6%98%AF%E5%87%8F%E5%B0%91%E7%90%90%E7%A2%8E/assets/001_image_AmSUbvzAjo.png,/article-assets/source-calibration/ch14/001.png,/article-assets/replacements/ch14/001.png,1600,1258,png,awaiting-replacement,
ch14-002,/wb-x/第二篇 案例篇：从一项任务到一支 AI 团队/第 14 章 生活助手的价值，是减少琐碎/,2,第 14 章 生活助手的价值，是减少琐碎 — image 2,https://workbuddy.homes/bluebook/%E7%AC%AC%E4%BA%8C%E7%AF%87%20%E6%A1%88%E4%BE%8B%E7%AF%87%EF%BC%9A%E4%BB%8E%E4%B8%80%E9%A1%B9%E4%BB%BB%E5%8A%A1%E5%88%B0%E4%B8%80%E6%94%AF%20AI%20%E5%9B%A2%E9%98%9F/%E7%AC%AC%2014%20%E7%AB%A0%20%E7%94%9F%E6%B4%BB%E5%8A%A9%E6%89%8B%E7%9A%84%E4%BB%B7%E5%80%BC%EF%BC%8C%E6%98%AF%E5%87%8F%E5%B0%91%E7%90%90%E7%A2%8E/assets/002_image_HJNdbxfvOo.png,/article-assets/source-calibration/ch14/002.png,/article-assets/replacements/ch14/002.png,1540,1042,png,awaiting-replacement,
ch14-003,/wb-x/第二篇 案例篇：从一项任务到一支 AI 团队/第 14 章 生活助手的价值，是减少琐碎/,3,第 14 章 生活助手的价值，是减少琐碎 — image 3,https://workbuddy.homes/bluebook/%E7%AC%AC%E4%BA%8C%E7%AF%87%20%E6%A1%88%E4%BE%8B%E7%AF%87%EF%BC%9A%E4%BB%8E%E4%B8%80%E9%A1%B9%E4%BB%BB%E5%8A%A1%E5%88%B0%E4%B8%80%E6%94%AF%20AI%20%E5%9B%A2%E9%98%9F/%E7%AC%AC%2014%20%E7%AB%A0%20%E7%94%9F%E6%B4%BB%E5%8A%A9%E6%89%8B%E7%9A%84%E4%BB%B7%E5%80%BC%EF%BC%8C%E6%98%AF%E5%87%8F%E5%B0%91%E7%90%90%E7%A2%8E/assets/003_image_IO4lbaAS1o.png,/article-assets/source-calibration/ch14/003.png,/article-assets/replacements/ch14/003.png,2418,1838,png,awaiting-replacement,
ch14-004,/wb-x/第二篇 案例篇：从一项任务到一支 AI 团队/第 14 章 生活助手的价值，是减少琐碎/,4,第 14 章 生活助手的价值，是减少琐碎 — image 4,https://workbuddy.homes/bluebook/%E7%AC%AC%E4%BA%8C%E7%AF%87%20%E6%A1%88%E4%BE%8B%E7%AF%87%EF%BC%9A%E4%BB%8E%E4%B8%80%E9%A1%B9%E4%BB%BB%E5%8A%A1%E5%88%B0%E4%B8%80%E6%94%AF%20AI%20%E5%9B%A2%E9%98%9F/%E7%AC%AC%2014%20%E7%AB%A0%20%E7%94%9F%E6%B4%BB%E5%8A%A9%E6%89%8B%E7%9A%84%E4%BB%B7%E5%80%BC%EF%BC%8C%E6%98%AF%E5%87%8F%E5%B0%91%E7%90%90%E7%A2%8E/assets/004_image_JEOObotZfo.png,/article-assets/source-calibration/ch14/004.png,/article-assets/replacements/ch14/004.png,1600,1294,png,awaiting-replacement,
ch14-005,/wb-x/第二篇 案例篇：从一项任务到一支 AI 团队/第 14 章 生活助手的价值，是减少琐碎/,5,第 14 章 生活助手的价值，是减少琐碎 — image 5,https://workbuddy.homes/bluebook/%E7%AC%AC%E4%BA%8C%E7%AF%87%20%E6%A1%88%E4%BE%8B%E7%AF%87%EF%BC%9A%E4%BB%8E%E4%B8%80%E9%A1%B9%E4%BB%BB%E5%8A%A1%E5%88%B0%E4%B8%80%E6%94%AF%20AI%20%E5%9B%A2%E9%98%9F/%E7%AC%AC%2014%20%E7%AB%A0%20%E7%94%9F%E6%B4%BB%E5%8A%A9%E6%89%8B%E7%9A%84%E4%BB%B7%E5%80%BC%EF%BC%8C%E6%98%AF%E5%87%8F%E5%B0%91%E7%90%90%E7%A2%8E/assets/005_image_TCPXbvZ9Bo.png,/article-assets/source-calibration/ch14/005.png,/article-assets/replacements/ch14/005.png,2402,1734,png,awaiting-replacement,
ch14-006,/wb-x/第二篇 案例篇：从一项任务到一支 AI 团队/第 14 章 生活助手的价值，是减少琐碎/,6,第 14 章 生活助手的价值，是减少琐碎 — image 6,https://workbuddy.homes/bluebook/%E7%AC%AC%E4%BA%8C%E7%AF%87%20%E6%A1%88%E4%BE%8B%E7%AF%87%EF%BC%9A%E4%BB%8E%E4%B8%80%E9%A1%B9%E4%BB%BB%E5%8A%A1%E5%88%B0%E4%B8%80%E6%94%AF%20AI%20%E5%9B%A2%E9%98%9F/%E7%AC%AC%2014%20%E7%AB%A0%20%E7%94%9F%E6%B4%BB%E5%8A%A9%E6%89%8B%E7%9A%84%E4%BB%B7%E5%80%BC%EF%BC%8C%E6%98%AF%E5%87%8F%E5%B0%91%E7%90%90%E7%A2%8E/assets/006_image_Fu9EbJOqWo.png,/article-assets/source-calibration/ch14/006.png,/article-assets/replacements/ch14/006.png,1618,1124,png,awaiting-replacement,
ch14-007,/wb-x/第二篇 案例篇：从一项任务到一支 AI 团队/第 14 章 生活助手的价值，是减少琐碎/,7,第 14 章 生活助手的价值，是减少琐碎 — image 7,https://workbuddy.homes/bluebook/%E7%AC%AC%E4%BA%8C%E7%AF%87%20%E6%A1%88%E4%BE%8B%E7%AF%87%EF%BC%9A%E4%BB%8E%E4%B8%80%E9%A1%B9%E4%BB%BB%E5%8A%A1%E5%88%B0%E4%B8%80%E6%94%AF%20AI%20%E5%9B%A2%E9%98%9F/%E7%AC%AC%2014%20%E7%AB%A0%20%E7%94%9F%E6%B4%BB%E5%8A%A9%E6%89%8B%E7%9A%84%E4%BB%B7%E5%80%BC%EF%BC%8C%E6%98%AF%E5%87%8F%E5%B0%91%E7%90%90%E7%A2%8E/assets/007_image_CYQ7b2c1Ho.png,/article-assets/source-calibration/ch14/007.png,/article-assets/replacements/ch14/007.png,1568,938,png,awaiting-replacement,
ch14-008,/wb-x/第二篇 案例篇：从一项任务到一支 AI 团队/第 14 章 生活助手的价值，是减少琐碎/,8,第 14 章 生活助手的价值，是减少琐碎 — image 8,https://workbuddy.homes/bluebook/%E7%AC%AC%E4%BA%8C%E7%AF%87%20%E6%A1%88%E4%BE%8B%E7%AF%87%EF%BC%9A%E4%BB%8E%E4%B8%80%E9%A1%B9%E4%BB%BB%E5%8A%A1%E5%88%B0%E4%B8%80%E6%94%AF%20AI%20%E5%9B%A2%E9%98%9F/%E7%AC%AC%2014%20%E7%AB%A0%20%E7%94%9F%E6%B4%BB%E5%8A%A9%E6%89%8B%E7%9A%84%E4%BB%B7%E5%80%BC%EF%BC%8C%E6%98%AF%E5%87%8F%E5%B0%91%E7%90%90%E7%A2%8E/assets/008_image_WNlYbFucxo.png,/article-assets/source-calibration/ch14/008.png,/article-assets/replacements/ch14/008.png,2376,1832,png,awaiting-replacement,
ch14-009,/wb-x/第二篇 案例篇：从一项任务到一支 AI 团队/第 14 章 生活助手的价值，是减少琐碎/,9,第 14 章 生活助手的价值，是减少琐碎 — image 9,https://workbuddy.homes/bluebook/%E7%AC%AC%E4%BA%8C%E7%AF%87%20%E6%A1%88%E4%BE%8B%E7%AF%87%EF%BC%9A%E4%BB%8E%E4%B8%80%E9%A1%B9%E4%BB%BB%E5%8A%A1%E5%88%B0%E4%B8%80%E6%94%AF%20AI%20%E5%9B%A2%E9%98%9F/%E7%AC%AC%2014%20%E7%AB%A0%20%E7%94%9F%E6%B4%BB%E5%8A%A9%E6%89%8B%E7%9A%84%E4%BB%B7%E5%80%BC%EF%BC%8C%E6%98%AF%E5%87%8F%E5%B0%91%E7%90%90%E7%A2%8E/assets/009_image_AS0HbQeP7o.png,/article-assets/source-calibration/ch14/009.png,/article-assets/replacements/ch14/009.png,2346,1748,png,awaiting-replacement,
ch14-010,/wb-x/第二篇 案例篇：从一项任务到一支 AI 团队/第 14 章 生活助手的价值，是减少琐碎/,10,第 14 章 生活助手的价值，是减少琐碎 — image 10,https://workbuddy.homes/bluebook/%E7%AC%AC%E4%BA%8C%E7%AF%87%20%E6%A1%88%E4%BE%8B%E7%AF%87%EF%BC%9A%E4%BB%8E%E4%B8%80%E9%A1%B9%E4%BB%BB%E5%8A%A1%E5%88%B0%E4%B8%80%E6%94%AF%20AI%20%E5%9B%A2%E9%98%9F/%E7%AC%AC%2014%20%E7%AB%A0%20%E7%94%9F%E6%B4%BB%E5%8A%A9%E6%89%8B%E7%9A%84%E4%BB%B7%E5%80%BC%EF%BC%8C%E6%98%AF%E5%87%8F%E5%B0%91%E7%90%90%E7%A2%8E/assets/010_image_IOAgbitrRo.png,/article-assets/source-calibration/ch14/010.png,/article-assets/replacements/ch14/010.png,2388,1798,png,awaiting-replacement,
ch14-011,/wb-x/第二篇 案例篇：从一项任务到一支 AI 团队/第 14 章 生活助手的价值，是减少琐碎/,11,第 14 章 生活助手的价值，是减少琐碎 — image 11,https://workbuddy.homes/bluebook/%E7%AC%AC%E4%BA%8C%E7%AF%87%20%E6%A1%88%E4%BE%8B%E7%AF%87%EF%BC%9A%E4%BB%8E%E4%B8%80%E9%A1%B9%E4%BB%BB%E5%8A%A1%E5%88%B0%E4%B8%80%E6%94%AF%20AI%20%E5%9B%A2%E9%98%9F/%E7%AC%AC%2014%20%E7%AB%A0%20%E7%94%9F%E6%B4%BB%E5%8A%A9%E6%89%8B%E7%9A%84%E4%BB%B7%E5%80%BC%EF%BC%8C%E6%98%AF%E5%87%8F%E5%B0%91%E7%90%90%E7%A2%8E/assets/011_image_Oar6b1pIjo.png,/article-assets/source-calibration/ch14/011.png,/article-assets/replacements/ch14/011.png,2394,1670,png,awaiting-replacement,
ch15-001,/wb-x/第二篇 案例篇：从一项任务到一支 AI 团队/第 15 章 资讯整合：把信息流变成每日通知/,1,第 15 章 资讯整合：把信息流变成每日通知 — image 1,https://workbuddy.homes/bluebook/%E7%AC%AC%E4%BA%8C%E7%AF%87%20%E6%A1%88%E4%BE%8B%E7%AF%87%EF%BC%9A%E4%BB%8E%E4%B8%80%E9%A1%B9%E4%BB%BB%E5%8A%A1%E5%88%B0%E4%B8%80%E6%94%AF%20AI%20%E5%9B%A2%E9%98%9F/%E7%AC%AC%2015%20%E7%AB%A0%20%E8%B5%84%E8%AE%AF%E6%95%B4%E5%90%88%EF%BC%9A%E6%8A%8A%E4%BF%A1%E6%81%AF%E6%B5%81%E5%8F%98%E6%88%90%E6%AF%8F%E6%97%A5%E9%80%9A%E7%9F%A5/assets/001_skillhub-info-skills_IzOlb7IQbo.png,/article-assets/source-calibration/ch15/001.png,/article-assets/replacements/ch15/001.png,2888,1564,png,awaiting-replacement,
ch15-002,/wb-x/第二篇 案例篇：从一项任务到一支 AI 团队/第 15 章 资讯整合：把信息流变成每日通知/,2,第 15 章 资讯整合：把信息流变成每日通知 — image 2,https://workbuddy.homes/bluebook/%E7%AC%AC%E4%BA%8C%E7%AF%87%20%E6%A1%88%E4%BE%8B%E7%AF%87%EF%BC%9A%E4%BB%8E%E4%B8%80%E9%A1%B9%E4%BB%BB%E5%8A%A1%E5%88%B0%E4%B8%80%E6%94%AF%20AI%20%E5%9B%A2%E9%98%9F/%E7%AC%AC%2015%20%E7%AB%A0%20%E8%B5%84%E8%AE%AF%E6%95%B4%E5%90%88%EF%BC%9A%E6%8A%8A%E4%BF%A1%E6%81%AF%E6%B5%81%E5%8F%98%E6%88%90%E6%AF%8F%E6%97%A5%E9%80%9A%E7%9F%A5/assets/002_image_Y8tcbQ5zXo.png,/article-assets/source-calibration/ch15/002.png,/article-assets/replacements/ch15/002.png,2906,1964,png,awaiting-replacement,
ch15-003,/wb-x/第二篇 案例篇：从一项任务到一支 AI 团队/第 15 章 资讯整合：把信息流变成每日通知/,3,第 15 章 资讯整合：把信息流变成每日通知 — image 3,https://workbuddy.homes/bluebook/%E7%AC%AC%E4%BA%8C%E7%AF%87%20%E6%A1%88%E4%BE%8B%E7%AF%87%EF%BC%9A%E4%BB%8E%E4%B8%80%E9%A1%B9%E4%BB%BB%E5%8A%A1%E5%88%B0%E4%B8%80%E6%94%AF%20AI%20%E5%9B%A2%E9%98%9F/%E7%AC%AC%2015%20%E7%AB%A0%20%E8%B5%84%E8%AE%AF%E6%95%B4%E5%90%88%EF%BC%9A%E6%8A%8A%E4%BF%A1%E6%81%AF%E6%B5%81%E5%8F%98%E6%88%90%E6%AF%8F%E6%97%A5%E9%80%9A%E7%9F%A5/assets/003_image_QIV7b3XORo.png,/article-assets/source-calibration/ch15/003.png,/article-assets/replacements/ch15/003.png,2806,1484,png,awaiting-replacement,
ch15-004,/wb-x/第二篇 案例篇：从一项任务到一支 AI 团队/第 15 章 资讯整合：把信息流变成每日通知/,4,第 15 章 资讯整合：把信息流变成每日通知 — image 4,https://workbuddy.homes/bluebook/%E7%AC%AC%E4%BA%8C%E7%AF%87%20%E6%A1%88%E4%BE%8B%E7%AF%87%EF%BC%9A%E4%BB%8E%E4%B8%80%E9%A1%B9%E4%BB%BB%E5%8A%A1%E5%88%B0%E4%B8%80%E6%94%AF%20AI%20%E5%9B%A2%E9%98%9F/%E7%AC%AC%2015%20%E7%AB%A0%20%E8%B5%84%E8%AE%AF%E6%95%B4%E5%90%88%EF%BC%9A%E6%8A%8A%E4%BF%A1%E6%81%AF%E6%B5%81%E5%8F%98%E6%88%90%E6%AF%8F%E6%97%A5%E9%80%9A%E7%9F%A5/assets/004_image_CG3xbVWBlo.png,/article-assets/source-calibration/ch15/004.png,/article-assets/replacements/ch15/004.png,2132,746,png,awaiting-replacement,
ch15-005,/wb-x/第二篇 案例篇：从一项任务到一支 AI 团队/第 15 章 资讯整合：把信息流变成每日通知/,5,第 15 章 资讯整合：把信息流变成每日通知 — image 5,https://workbuddy.homes/bluebook/%E7%AC%AC%E4%BA%8C%E7%AF%87%20%E6%A1%88%E4%BE%8B%E7%AF%87%EF%BC%9A%E4%BB%8E%E4%B8%80%E9%A1%B9%E4%BB%BB%E5%8A%A1%E5%88%B0%E4%B8%80%E6%94%AF%20AI%20%E5%9B%A2%E9%98%9F/%E7%AC%AC%2015%20%E7%AB%A0%20%E8%B5%84%E8%AE%AF%E6%95%B4%E5%90%88%EF%BC%9A%E6%8A%8A%E4%BF%A1%E6%81%AF%E6%B5%81%E5%8F%98%E6%88%90%E6%AF%8F%E6%97%A5%E9%80%9A%E7%9F%A5/assets/005_image_HKdRbaqczo.png,/article-assets/source-calibration/ch15/005.png,/article-assets/replacements/ch15/005.png,2152,1462,png,awaiting-replacement,
ch15-006,/wb-x/第二篇 案例篇：从一项任务到一支 AI 团队/第 15 章 资讯整合：把信息流变成每日通知/,6,第 15 章 资讯整合：把信息流变成每日通知 — image 6,https://workbuddy.homes/bluebook/%E7%AC%AC%E4%BA%8C%E7%AF%87%20%E6%A1%88%E4%BE%8B%E7%AF%87%EF%BC%9A%E4%BB%8E%E4%B8%80%E9%A1%B9%E4%BB%BB%E5%8A%A1%E5%88%B0%E4%B8%80%E6%94%AF%20AI%20%E5%9B%A2%E9%98%9F/%E7%AC%AC%2015%20%E7%AB%A0%20%E8%B5%84%E8%AE%AF%E6%95%B4%E5%90%88%EF%BC%9A%E6%8A%8A%E4%BF%A1%E6%81%AF%E6%B5%81%E5%8F%98%E6%88%90%E6%AF%8F%E6%97%A5%E9%80%9A%E7%9F%A5/assets/006_image_ZQW0bUCBso.png,/article-assets/source-calibration/ch15/006.png,/article-assets/replacements/ch15/006.png,1956,1548,png,awaiting-replacement,
ch16-001,/wb-x/第二篇 案例篇：从一项任务到一支 AI 团队/第 16 章 收藏不是知识管理，能再次用起来才是/,1,第 16 章 收藏不是知识管理，能再次用起来才是 — image 1,https://workbuddy.homes/bluebook/%E7%AC%AC%E4%BA%8C%E7%AF%87%20%E6%A1%88%E4%BE%8B%E7%AF%87%EF%BC%9A%E4%BB%8E%E4%B8%80%E9%A1%B9%E4%BB%BB%E5%8A%A1%E5%88%B0%E4%B8%80%E6%94%AF%20AI%20%E5%9B%A2%E9%98%9F/%E7%AC%AC%2016%20%E7%AB%A0%20%E6%94%B6%E8%97%8F%E4%B8%8D%E6%98%AF%E7%9F%A5%E8%AF%86%E7%AE%A1%E7%90%86%EF%BC%8C%E8%83%BD%E5%86%8D%E6%AC%A1%E7%94%A8%E8%B5%B7%E6%9D%A5%E6%89%8D%E6%98%AF/assets/001_image_M29JbJQ3po.png,/article-assets/source-calibration/ch16/001.png,/article-assets/replacements/ch16/001.png,1976,670,png,awaiting-replacement,
ch16-002,/wb-x/第二篇 案例篇：从一项任务到一支 AI 团队/第 16 章 收藏不是知识管理，能再次用起来才是/,2,第 16 章 收藏不是知识管理，能再次用起来才是 — image 2,https://workbuddy.homes/bluebook/%E7%AC%AC%E4%BA%8C%E7%AF%87%20%E6%A1%88%E4%BE%8B%E7%AF%87%EF%BC%9A%E4%BB%8E%E4%B8%80%E9%A1%B9%E4%BB%BB%E5%8A%A1%E5%88%B0%E4%B8%80%E6%94%AF%20AI%20%E5%9B%A2%E9%98%9F/%E7%AC%AC%2016%20%E7%AB%A0%20%E6%94%B6%E8%97%8F%E4%B8%8D%E6%98%AF%E7%9F%A5%E8%AF%86%E7%AE%A1%E7%90%86%EF%BC%8C%E8%83%BD%E5%86%8D%E6%AC%A1%E7%94%A8%E8%B5%B7%E6%9D%A5%E6%89%8D%E6%98%AF/assets/002_byKl8HZ2_TtombzmOwo.jpg,/article-assets/source-calibration/ch16/002.jpg,/article-assets/replacements/ch16/002.jpg,1080,1080,jpg,awaiting-replacement,
ch16-003,/wb-x/第二篇 案例篇：从一项任务到一支 AI 团队/第 16 章 收藏不是知识管理，能再次用起来才是/,3,第 16 章 收藏不是知识管理，能再次用起来才是 — image 3,https://workbuddy.homes/bluebook/%E7%AC%AC%E4%BA%8C%E7%AF%87%20%E6%A1%88%E4%BE%8B%E7%AF%87%EF%BC%9A%E4%BB%8E%E4%B8%80%E9%A1%B9%E4%BB%BB%E5%8A%A1%E5%88%B0%E4%B8%80%E6%94%AF%20AI%20%E5%9B%A2%E9%98%9F/%E7%AC%AC%2016%20%E7%AB%A0%20%E6%94%B6%E8%97%8F%E4%B8%8D%E6%98%AF%E7%9F%A5%E8%AF%86%E7%AE%A1%E7%90%86%EF%BC%8C%E8%83%BD%E5%86%8D%E6%AC%A1%E7%94%A8%E8%B5%B7%E6%9D%A5%E6%89%8D%E6%98%AF/assets/003_image_D0c8blIsEo.png,/article-assets/source-calibration/ch16/003.png,/article-assets/replacements/ch16/003.png,1080,702,png,awaiting-replacement,
ch16-004,/wb-x/第二篇 案例篇：从一项任务到一支 AI 团队/第 16 章 收藏不是知识管理，能再次用起来才是/,4,第 16 章 收藏不是知识管理，能再次用起来才是 — image 4,https://workbuddy.homes/bluebook/%E7%AC%AC%E4%BA%8C%E7%AF%87%20%E6%A1%88%E4%BE%8B%E7%AF%87%EF%BC%9A%E4%BB%8E%E4%B8%80%E9%A1%B9%E4%BB%BB%E5%8A%A1%E5%88%B0%E4%B8%80%E6%94%AF%20AI%20%E5%9B%A2%E9%98%9F/%E7%AC%AC%2016%20%E7%AB%A0%20%E6%94%B6%E8%97%8F%E4%B8%8D%E6%98%AF%E7%9F%A5%E8%AF%86%E7%AE%A1%E7%90%86%EF%BC%8C%E8%83%BD%E5%86%8D%E6%AC%A1%E7%94%A8%E8%B5%B7%E6%9D%A5%E6%89%8D%E6%98%AF/assets/004_test_SSsAbxS8po.jpg,/article-assets/source-calibration/ch16/004.png,/article-assets/replacements/ch16/004.png,1080,547,png,awaiting-replacement,
ch17-001,/wb-x/第二篇 案例篇：从一项任务到一支 AI 团队/第 17 章 会议结束不是终点，工作才刚刚开始/,1,第 17 章 会议结束不是终点，工作才刚刚开始 — image 1,https://workbuddy.homes/bluebook/%E7%AC%AC%E4%BA%8C%E7%AF%87%20%E6%A1%88%E4%BE%8B%E7%AF%87%EF%BC%9A%E4%BB%8E%E4%B8%80%E9%A1%B9%E4%BB%BB%E5%8A%A1%E5%88%B0%E4%B8%80%E6%94%AF%20AI%20%E5%9B%A2%E9%98%9F/%E7%AC%AC%2017%20%E7%AB%A0%20%E4%BC%9A%E8%AE%AE%E7%BB%93%E6%9D%9F%E4%B8%8D%E6%98%AF%E7%BB%88%E7%82%B9%EF%BC%8C%E5%B7%A5%E4%BD%9C%E6%89%8D%E5%88%9A%E5%88%9A%E5%BC%80%E5%A7%8B/assets/001_image_AXyxbhbcqo.png,/article-assets/source-calibration/ch17/001.png,/article-assets/replacements/ch17/001.png,2348,1612,png,awaiting-replacement,
ch17-002,/wb-x/第二篇 案例篇：从一项任务到一支 AI 团队/第 17 章 会议结束不是终点，工作才刚刚开始/,2,第 17 章 会议结束不是终点，工作才刚刚开始 — image 2,https://workbuddy.homes/bluebook/%E7%AC%AC%E4%BA%8C%E7%AF%87%20%E6%A1%88%E4%BE%8B%E7%AF%87%EF%BC%9A%E4%BB%8E%E4%B8%80%E9%A1%B9%E4%BB%BB%E5%8A%A1%E5%88%B0%E4%B8%80%E6%94%AF%20AI%20%E5%9B%A2%E9%98%9F/%E7%AC%AC%2017%20%E7%AB%A0%20%E4%BC%9A%E8%AE%AE%E7%BB%93%E6%9D%9F%E4%B8%8D%E6%98%AF%E7%BB%88%E7%82%B9%EF%BC%8C%E5%B7%A5%E4%BD%9C%E6%89%8D%E5%88%9A%E5%88%9A%E5%BC%80%E5%A7%8B/assets/002_image_AqEYbLlgUo.png,/article-assets/source-calibration/ch17/002.png,/article-assets/replacements/ch17/002.png,1832,1248,png,awaiting-replacement,
ch17-003,/wb-x/第二篇 案例篇：从一项任务到一支 AI 团队/第 17 章 会议结束不是终点，工作才刚刚开始/,3,第 17 章 会议结束不是终点，工作才刚刚开始 — image 3,https://workbuddy.homes/bluebook/%E7%AC%AC%E4%BA%8C%E7%AF%87%20%E6%A1%88%E4%BE%8B%E7%AF%87%EF%BC%9A%E4%BB%8E%E4%B8%80%E9%A1%B9%E4%BB%BB%E5%8A%A1%E5%88%B0%E4%B8%80%E6%94%AF%20AI%20%E5%9B%A2%E9%98%9F/%E7%AC%AC%2017%20%E7%AB%A0%20%E4%BC%9A%E8%AE%AE%E7%BB%93%E6%9D%9F%E4%B8%8D%E6%98%AF%E7%BB%88%E7%82%B9%EF%BC%8C%E5%B7%A5%E4%BD%9C%E6%89%8D%E5%88%9A%E5%88%9A%E5%BC%80%E5%A7%8B/assets/003_image_N3UabeCFBo.png,/article-assets/source-calibration/ch17/003.png,/article-assets/replacements/ch17/003.png,2234,1342,png,awaiting-replacement,
ch17-004,/wb-x/第二篇 案例篇：从一项任务到一支 AI 团队/第 17 章 会议结束不是终点，工作才刚刚开始/,4,第 17 章 会议结束不是终点，工作才刚刚开始 — image 4,https://workbuddy.homes/bluebook/%E7%AC%AC%E4%BA%8C%E7%AF%87%20%E6%A1%88%E4%BE%8B%E7%AF%87%EF%BC%9A%E4%BB%8E%E4%B8%80%E9%A1%B9%E4%BB%BB%E5%8A%A1%E5%88%B0%E4%B8%80%E6%94%AF%20AI%20%E5%9B%A2%E9%98%9F/%E7%AC%AC%2017%20%E7%AB%A0%20%E4%BC%9A%E8%AE%AE%E7%BB%93%E6%9D%9F%E4%B8%8D%E6%98%AF%E7%BB%88%E7%82%B9%EF%BC%8C%E5%B7%A5%E4%BD%9C%E6%89%8D%E5%88%9A%E5%88%9A%E5%BC%80%E5%A7%8B/assets/004_image_Ne3BbzhZco.png,/article-assets/source-calibration/ch17/004.png,/article-assets/replacements/ch17/004.png,2316,1650,png,awaiting-replacement,
ch17-005,/wb-x/第二篇 案例篇：从一项任务到一支 AI 团队/第 17 章 会议结束不是终点，工作才刚刚开始/,5,第 17 章 会议结束不是终点，工作才刚刚开始 — image 5,https://workbuddy.homes/bluebook/%E7%AC%AC%E4%BA%8C%E7%AF%87%20%E6%A1%88%E4%BE%8B%E7%AF%87%EF%BC%9A%E4%BB%8E%E4%B8%80%E9%A1%B9%E4%BB%BB%E5%8A%A1%E5%88%B0%E4%B8%80%E6%94%AF%20AI%20%E5%9B%A2%E9%98%9F/%E7%AC%AC%2017%20%E7%AB%A0%20%E4%BC%9A%E8%AE%AE%E7%BB%93%E6%9D%9F%E4%B8%8D%E6%98%AF%E7%BB%88%E7%82%B9%EF%BC%8C%E5%B7%A5%E4%BD%9C%E6%89%8D%E5%88%9A%E5%88%9A%E5%BC%80%E5%A7%8B/assets/005_image_YK5Ebuvyto.png,/article-assets/source-calibration/ch17/005.png,/article-assets/replacements/ch17/005.png,1652,1032,png,awaiting-replacement,
ch17-006,/wb-x/第二篇 案例篇：从一项任务到一支 AI 团队/第 17 章 会议结束不是终点，工作才刚刚开始/,6,第 17 章 会议结束不是终点，工作才刚刚开始 — image 6,https://workbuddy.homes/bluebook/%E7%AC%AC%E4%BA%8C%E7%AF%87%20%E6%A1%88%E4%BE%8B%E7%AF%87%EF%BC%9A%E4%BB%8E%E4%B8%80%E9%A1%B9%E4%BB%BB%E5%8A%A1%E5%88%B0%E4%B8%80%E6%94%AF%20AI%20%E5%9B%A2%E9%98%9F/%E7%AC%AC%2017%20%E7%AB%A0%20%E4%BC%9A%E8%AE%AE%E7%BB%93%E6%9D%9F%E4%B8%8D%E6%98%AF%E7%BB%88%E7%82%B9%EF%BC%8C%E5%B7%A5%E4%BD%9C%E6%89%8D%E5%88%9A%E5%88%9A%E5%BC%80%E5%A7%8B/assets/006_image_DYjgbWFlGo.png,/article-assets/source-calibration/ch17/006.png,/article-assets/replacements/ch17/006.png,2358,1714,png,awaiting-replacement,
ch17-007,/wb-x/第二篇 案例篇：从一项任务到一支 AI 团队/第 17 章 会议结束不是终点，工作才刚刚开始/,7,第 17 章 会议结束不是终点，工作才刚刚开始 — image 7,https://workbuddy.homes/bluebook/%E7%AC%AC%E4%BA%8C%E7%AF%87%20%E6%A1%88%E4%BE%8B%E7%AF%87%EF%BC%9A%E4%BB%8E%E4%B8%80%E9%A1%B9%E4%BB%BB%E5%8A%A1%E5%88%B0%E4%B8%80%E6%94%AF%20AI%20%E5%9B%A2%E9%98%9F/%E7%AC%AC%2017%20%E7%AB%A0%20%E4%BC%9A%E8%AE%AE%E7%BB%93%E6%9D%9F%E4%B8%8D%E6%98%AF%E7%BB%88%E7%82%B9%EF%BC%8C%E5%B7%A5%E4%BD%9C%E6%89%8D%E5%88%9A%E5%88%9A%E5%BC%80%E5%A7%8B/assets/011_image_CIeub9uEro.png,/article-assets/source-calibration/ch17/007.png,/article-assets/replacements/ch17/007.png,2398,1664,png,awaiting-replacement,
ch18-001,/wb-x/第二篇 案例篇：从一项任务到一支 AI 团队/第 18 章 把投资分析变成你的日常/,1,第 18 章 把投资分析变成你的日常 — image 1,https://workbuddy.homes/bluebook/%E7%AC%AC%E4%BA%8C%E7%AF%87%20%E6%A1%88%E4%BE%8B%E7%AF%87%EF%BC%9A%E4%BB%8E%E4%B8%80%E9%A1%B9%E4%BB%BB%E5%8A%A1%E5%88%B0%E4%B8%80%E6%94%AF%20AI%20%E5%9B%A2%E9%98%9F/%E7%AC%AC%2018%20%E7%AB%A0%20%E6%8A%8A%E6%8A%95%E8%B5%84%E5%88%86%E6%9E%90%E5%8F%98%E6%88%90%E4%BD%A0%E7%9A%84%E6%97%A5%E5%B8%B8/assets/001_CleanShot%202026-07-10%20at%2000.14.28@2x_Lxy0b4axOo.png,/article-assets/source-calibration/ch18/001.png,/article-assets/replacements/ch18/001.png,2542,1724,png,awaiting-replacement,
ch18-002,/wb-x/第二篇 案例篇：从一项任务到一支 AI 团队/第 18 章 把投资分析变成你的日常/,2,第 18 章 把投资分析变成你的日常 — image 2,https://workbuddy.homes/bluebook/%E7%AC%AC%E4%BA%8C%E7%AF%87%20%E6%A1%88%E4%BE%8B%E7%AF%87%EF%BC%9A%E4%BB%8E%E4%B8%80%E9%A1%B9%E4%BB%BB%E5%8A%A1%E5%88%B0%E4%B8%80%E6%94%AF%20AI%20%E5%9B%A2%E9%98%9F/%E7%AC%AC%2018%20%E7%AB%A0%20%E6%8A%8A%E6%8A%95%E8%B5%84%E5%88%86%E6%9E%90%E5%8F%98%E6%88%90%E4%BD%A0%E7%9A%84%E6%97%A5%E5%B8%B8/assets/002_image_TphobTIRXo.png,/article-assets/source-calibration/ch18/002.png,/article-assets/replacements/ch18/002.png,2488,1612,png,awaiting-replacement,
ch18-003,/wb-x/第二篇 案例篇：从一项任务到一支 AI 团队/第 18 章 把投资分析变成你的日常/,3,第 18 章 把投资分析变成你的日常 — image 3,https://workbuddy.homes/bluebook/%E7%AC%AC%E4%BA%8C%E7%AF%87%20%E6%A1%88%E4%BE%8B%E7%AF%87%EF%BC%9A%E4%BB%8E%E4%B8%80%E9%A1%B9%E4%BB%BB%E5%8A%A1%E5%88%B0%E4%B8%80%E6%94%AF%20AI%20%E5%9B%A2%E9%98%9F/%E7%AC%AC%2018%20%E7%AB%A0%20%E6%8A%8A%E6%8A%95%E8%B5%84%E5%88%86%E6%9E%90%E5%8F%98%E6%88%90%E4%BD%A0%E7%9A%84%E6%97%A5%E5%B8%B8/assets/003_image_CrgibiDW3o.png,/article-assets/source-calibration/ch18/003.png,/article-assets/replacements/ch18/003.png,2206,1468,png,awaiting-replacement,
ch18-004,/wb-x/第二篇 案例篇：从一项任务到一支 AI 团队/第 18 章 把投资分析变成你的日常/,4,第 18 章 把投资分析变成你的日常 — image 4,https://workbuddy.homes/bluebook/%E7%AC%AC%E4%BA%8C%E7%AF%87%20%E6%A1%88%E4%BE%8B%E7%AF%87%EF%BC%9A%E4%BB%8E%E4%B8%80%E9%A1%B9%E4%BB%BB%E5%8A%A1%E5%88%B0%E4%B8%80%E6%94%AF%20AI%20%E5%9B%A2%E9%98%9F/%E7%AC%AC%2018%20%E7%AB%A0%20%E6%8A%8A%E6%8A%95%E8%B5%84%E5%88%86%E6%9E%90%E5%8F%98%E6%88%90%E4%BD%A0%E7%9A%84%E6%97%A5%E5%B8%B8/assets/004_image_WX6WbFC9Oo.png,/article-assets/source-calibration/ch18/004.png,/article-assets/replacements/ch18/004.png,1690,1354,png,awaiting-replacement,
ch18-005,/wb-x/第二篇 案例篇：从一项任务到一支 AI 团队/第 18 章 把投资分析变成你的日常/,5,第 18 章 把投资分析变成你的日常 — image 5,https://workbuddy.homes/bluebook/%E7%AC%AC%E4%BA%8C%E7%AF%87%20%E6%A1%88%E4%BE%8B%E7%AF%87%EF%BC%9A%E4%BB%8E%E4%B8%80%E9%A1%B9%E4%BB%BB%E5%8A%A1%E5%88%B0%E4%B8%80%E6%94%AF%20AI%20%E5%9B%A2%E9%98%9F/%E7%AC%AC%2018%20%E7%AB%A0%20%E6%8A%8A%E6%8A%95%E8%B5%84%E5%88%86%E6%9E%90%E5%8F%98%E6%88%90%E4%BD%A0%E7%9A%84%E6%97%A5%E5%B8%B8/assets/005_image_LKNibvYSCo.png,/article-assets/source-calibration/ch18/005.png,/article-assets/replacements/ch18/005.png,1782,1356,png,awaiting-replacement,
ch18-006,/wb-x/第二篇 案例篇：从一项任务到一支 AI 团队/第 18 章 把投资分析变成你的日常/,6,第 18 章 把投资分析变成你的日常 — image 6,https://workbuddy.homes/bluebook/%E7%AC%AC%E4%BA%8C%E7%AF%87%20%E6%A1%88%E4%BE%8B%E7%AF%87%EF%BC%9A%E4%BB%8E%E4%B8%80%E9%A1%B9%E4%BB%BB%E5%8A%A1%E5%88%B0%E4%B8%80%E6%94%AF%20AI%20%E5%9B%A2%E9%98%9F/%E7%AC%AC%2018%20%E7%AB%A0%20%E6%8A%8A%E6%8A%95%E8%B5%84%E5%88%86%E6%9E%90%E5%8F%98%E6%88%90%E4%BD%A0%E7%9A%84%E6%97%A5%E5%B8%B8/assets/006_image_DvVSbW5D4o.png,/article-assets/source-calibration/ch18/006.png,/article-assets/replacements/ch18/006.png,1574,1496,png,awaiting-replacement,
ch18-007,/wb-x/第二篇 案例篇：从一项任务到一支 AI 团队/第 18 章 把投资分析变成你的日常/,7,第 18 章 把投资分析变成你的日常 — image 7,https://workbuddy.homes/bluebook/%E7%AC%AC%E4%BA%8C%E7%AF%87%20%E6%A1%88%E4%BE%8B%E7%AF%87%EF%BC%9A%E4%BB%8E%E4%B8%80%E9%A1%B9%E4%BB%BB%E5%8A%A1%E5%88%B0%E4%B8%80%E6%94%AF%20AI%20%E5%9B%A2%E9%98%9F/%E7%AC%AC%2018%20%E7%AB%A0%20%E6%8A%8A%E6%8A%95%E8%B5%84%E5%88%86%E6%9E%90%E5%8F%98%E6%88%90%E4%BD%A0%E7%9A%84%E6%97%A5%E5%B8%B8/assets/007_image_CScebfl1io.png,/article-assets/source-calibration/ch18/007.png,/article-assets/replacements/ch18/007.png,1650,1210,png,awaiting-replacement,
ch18-008,/wb-x/第二篇 案例篇：从一项任务到一支 AI 团队/第 18 章 把投资分析变成你的日常/,8,第 18 章 把投资分析变成你的日常 — image 8,https://workbuddy.homes/bluebook/%E7%AC%AC%E4%BA%8C%E7%AF%87%20%E6%A1%88%E4%BE%8B%E7%AF%87%EF%BC%9A%E4%BB%8E%E4%B8%80%E9%A1%B9%E4%BB%BB%E5%8A%A1%E5%88%B0%E4%B8%80%E6%94%AF%20AI%20%E5%9B%A2%E9%98%9F/%E7%AC%AC%2018%20%E7%AB%A0%20%E6%8A%8A%E6%8A%95%E8%B5%84%E5%88%86%E6%9E%90%E5%8F%98%E6%88%90%E4%BD%A0%E7%9A%84%E6%97%A5%E5%B8%B8/assets/008_image_I6uBbecypo.png,/article-assets/source-calibration/ch18/008.png,/article-assets/replacements/ch18/008.png,1708,1222,png,awaiting-replacement,
ch18-009,/wb-x/第二篇 案例篇：从一项任务到一支 AI 团队/第 18 章 把投资分析变成你的日常/,9,第 18 章 把投资分析变成你的日常 — image 9,https://workbuddy.homes/bluebook/%E7%AC%AC%E4%BA%8C%E7%AF%87%20%E6%A1%88%E4%BE%8B%E7%AF%87%EF%BC%9A%E4%BB%8E%E4%B8%80%E9%A1%B9%E4%BB%BB%E5%8A%A1%E5%88%B0%E4%B8%80%E6%94%AF%20AI%20%E5%9B%A2%E9%98%9F/%E7%AC%AC%2018%20%E7%AB%A0%20%E6%8A%8A%E6%8A%95%E8%B5%84%E5%88%86%E6%9E%90%E5%8F%98%E6%88%90%E4%BD%A0%E7%9A%84%E6%97%A5%E5%B8%B8/assets/009_image_XpbYbptp8o.png,/article-assets/source-calibration/ch18/009.png,/article-assets/replacements/ch18/009.png,1564,1306,png,awaiting-replacement,
ch18-010,/wb-x/第二篇 案例篇：从一项任务到一支 AI 团队/第 18 章 把投资分析变成你的日常/,10,第 18 章 把投资分析变成你的日常 — image 10,https://workbuddy.homes/bluebook/%E7%AC%AC%E4%BA%8C%E7%AF%87%20%E6%A1%88%E4%BE%8B%E7%AF%87%EF%BC%9A%E4%BB%8E%E4%B8%80%E9%A1%B9%E4%BB%BB%E5%8A%A1%E5%88%B0%E4%B8%80%E6%94%AF%20AI%20%E5%9B%A2%E9%98%9F/%E7%AC%AC%2018%20%E7%AB%A0%20%E6%8A%8A%E6%8A%95%E8%B5%84%E5%88%86%E6%9E%90%E5%8F%98%E6%88%90%E4%BD%A0%E7%9A%84%E6%97%A5%E5%B8%B8/assets/010_image_FFsNbG1dYo.png,/article-assets/source-calibration/ch18/010.png,/article-assets/replacements/ch18/010.png,1684,2792,png,awaiting-replacement,
ch18-011,/wb-x/第二篇 案例篇：从一项任务到一支 AI 团队/第 18 章 把投资分析变成你的日常/,11,第 18 章 把投资分析变成你的日常 — image 11,https://workbuddy.homes/bluebook/%E7%AC%AC%E4%BA%8C%E7%AF%87%20%E6%A1%88%E4%BE%8B%E7%AF%87%EF%BC%9A%E4%BB%8E%E4%B8%80%E9%A1%B9%E4%BB%BB%E5%8A%A1%E5%88%B0%E4%B8%80%E6%94%AF%20AI%20%E5%9B%A2%E9%98%9F/%E7%AC%AC%2018%20%E7%AB%A0%20%E6%8A%8A%E6%8A%95%E8%B5%84%E5%88%86%E6%9E%90%E5%8F%98%E6%88%90%E4%BD%A0%E7%9A%84%E6%97%A5%E5%B8%B8/assets/011_image_LuArbEta0o.png,/article-assets/source-calibration/ch18/011.png,/article-assets/replacements/ch18/011.png,1728,1206,png,awaiting-replacement,
ch18-012,/wb-x/第二篇 案例篇：从一项任务到一支 AI 团队/第 18 章 把投资分析变成你的日常/,12,第 18 章 把投资分析变成你的日常 — image 12,https://workbuddy.homes/bluebook/%E7%AC%AC%E4%BA%8C%E7%AF%87%20%E6%A1%88%E4%BE%8B%E7%AF%87%EF%BC%9A%E4%BB%8E%E4%B8%80%E9%A1%B9%E4%BB%BB%E5%8A%A1%E5%88%B0%E4%B8%80%E6%94%AF%20AI%20%E5%9B%A2%E9%98%9F/%E7%AC%AC%2018%20%E7%AB%A0%20%E6%8A%8A%E6%8A%95%E8%B5%84%E5%88%86%E6%9E%90%E5%8F%98%E6%88%90%E4%BD%A0%E7%9A%84%E6%97%A5%E5%B8%B8/assets/012_image_IUTibzqkPo.png,/article-assets/source-calibration/ch18/012.png,/article-assets/replacements/ch18/012.png,1704,1256,png,awaiting-replacement,
ch18-013,/wb-x/第二篇 案例篇：从一项任务到一支 AI 团队/第 18 章 把投资分析变成你的日常/,13,第 18 章 把投资分析变成你的日常 — image 13,https://workbuddy.homes/bluebook/%E7%AC%AC%E4%BA%8C%E7%AF%87%20%E6%A1%88%E4%BE%8B%E7%AF%87%EF%BC%9A%E4%BB%8E%E4%B8%80%E9%A1%B9%E4%BB%BB%E5%8A%A1%E5%88%B0%E4%B8%80%E6%94%AF%20AI%20%E5%9B%A2%E9%98%9F/%E7%AC%AC%2018%20%E7%AB%A0%20%E6%8A%8A%E6%8A%95%E8%B5%84%E5%88%86%E6%9E%90%E5%8F%98%E6%88%90%E4%BD%A0%E7%9A%84%E6%97%A5%E5%B8%B8/assets/013_image_Nm2MbK8LDo.png,/article-assets/source-calibration/ch18/013.png,/article-assets/replacements/ch18/013.png,1688,1464,png,awaiting-replacement,
ch18-014,/wb-x/第二篇 案例篇：从一项任务到一支 AI 团队/第 18 章 把投资分析变成你的日常/,14,第 18 章 把投资分析变成你的日常 — image 14,https://workbuddy.homes/bluebook/%E7%AC%AC%E4%BA%8C%E7%AF%87%20%E6%A1%88%E4%BE%8B%E7%AF%87%EF%BC%9A%E4%BB%8E%E4%B8%80%E9%A1%B9%E4%BB%BB%E5%8A%A1%E5%88%B0%E4%B8%80%E6%94%AF%20AI%20%E5%9B%A2%E9%98%9F/%E7%AC%AC%2018%20%E7%AB%A0%20%E6%8A%8A%E6%8A%95%E8%B5%84%E5%88%86%E6%9E%90%E5%8F%98%E6%88%90%E4%BD%A0%E7%9A%84%E6%97%A5%E5%B8%B8/assets/014_image_RQxfbNMGzo.png,/article-assets/source-calibration/ch18/014.png,/article-assets/replacements/ch18/014.png,1714,1250,png,awaiting-replacement,
ch18-015,/wb-x/第二篇 案例篇：从一项任务到一支 AI 团队/第 18 章 把投资分析变成你的日常/,15,第 18 章 把投资分析变成你的日常 — image 15,https://workbuddy.homes/bluebook/%E7%AC%AC%E4%BA%8C%E7%AF%87%20%E6%A1%88%E4%BE%8B%E7%AF%87%EF%BC%9A%E4%BB%8E%E4%B8%80%E9%A1%B9%E4%BB%BB%E5%8A%A1%E5%88%B0%E4%B8%80%E6%94%AF%20AI%20%E5%9B%A2%E9%98%9F/%E7%AC%AC%2018%20%E7%AB%A0%20%E6%8A%8A%E6%8A%95%E8%B5%84%E5%88%86%E6%9E%90%E5%8F%98%E6%88%90%E4%BD%A0%E7%9A%84%E6%97%A5%E5%B8%B8/assets/015_image_Y0yvbzLRto.png,/article-assets/source-calibration/ch18/015.png,/article-assets/replacements/ch18/015.png,1676,1224,png,awaiting-replacement,
ch18-016,/wb-x/第二篇 案例篇：从一项任务到一支 AI 团队/第 18 章 把投资分析变成你的日常/,16,第 18 章 把投资分析变成你的日常 — image 16,https://workbuddy.homes/bluebook/%E7%AC%AC%E4%BA%8C%E7%AF%87%20%E6%A1%88%E4%BE%8B%E7%AF%87%EF%BC%9A%E4%BB%8E%E4%B8%80%E9%A1%B9%E4%BB%BB%E5%8A%A1%E5%88%B0%E4%B8%80%E6%94%AF%20AI%20%E5%9B%A2%E9%98%9F/%E7%AC%AC%2018%20%E7%AB%A0%20%E6%8A%8A%E6%8A%95%E8%B5%84%E5%88%86%E6%9E%90%E5%8F%98%E6%88%90%E4%BD%A0%E7%9A%84%E6%97%A5%E5%B8%B8/assets/016_image_DOOhbmIIeo.png,/article-assets/source-calibration/ch18/016.png,/article-assets/replacements/ch18/016.png,1712,2652,png,awaiting-replacement,
ch18-017,/wb-x/第二篇 案例篇：从一项任务到一支 AI 团队/第 18 章 把投资分析变成你的日常/,17,第 18 章 把投资分析变成你的日常 — image 17,https://workbuddy.homes/bluebook/%E7%AC%AC%E4%BA%8C%E7%AF%87%20%E6%A1%88%E4%BE%8B%E7%AF%87%EF%BC%9A%E4%BB%8E%E4%B8%80%E9%A1%B9%E4%BB%BB%E5%8A%A1%E5%88%B0%E4%B8%80%E6%94%AF%20AI%20%E5%9B%A2%E9%98%9F/%E7%AC%AC%2018%20%E7%AB%A0%20%E6%8A%8A%E6%8A%95%E8%B5%84%E5%88%86%E6%9E%90%E5%8F%98%E6%88%90%E4%BD%A0%E7%9A%84%E6%97%A5%E5%B8%B8/assets/017_image_LPupbY4lGo.png,/article-assets/source-calibration/ch18/017.png,/article-assets/replacements/ch18/017.png,1558,17014,png,awaiting-replacement,
ch19-001,/wb-x/第二篇 案例篇：从一项任务到一支 AI 团队/第 19 章 一句话召唤 AI 视频团队/,1,第 19 章 一句话召唤 AI 视频团队 — image 1,https://workbuddy.homes/bluebook/%E7%AC%AC%E4%BA%8C%E7%AF%87%20%E6%A1%88%E4%BE%8B%E7%AF%87%EF%BC%9A%E4%BB%8E%E4%B8%80%E9%A1%B9%E4%BB%BB%E5%8A%A1%E5%88%B0%E4%B8%80%E6%94%AF%20AI%20%E5%9B%A2%E9%98%9F/%E7%AC%AC%2019%20%E7%AB%A0%20%E4%B8%80%E5%8F%A5%E8%AF%9D%E5%8F%AC%E5%94%A4%20AI%20%E8%A7%86%E9%A2%91%E5%9B%A2%E9%98%9F/assets/001_video-work-is-hard_Jn32bhqaho.png,/article-assets/source-calibration/ch19/001.png,/article-assets/replacements/ch19/001.png,1080,608,png,awaiting-replacement,
ch19-002,/wb-x/第二篇 案例篇：从一项任务到一支 AI 团队/第 19 章 一句话召唤 AI 视频团队/,2,第 19 章 一句话召唤 AI 视频团队 — image 2,https://workbuddy.homes/bluebook/%E7%AC%AC%E4%BA%8C%E7%AF%87%20%E6%A1%88%E4%BE%8B%E7%AF%87%EF%BC%9A%E4%BB%8E%E4%B8%80%E9%A1%B9%E4%BB%BB%E5%8A%A1%E5%88%B0%E4%B8%80%E6%94%AF%20AI%20%E5%9B%A2%E9%98%9F/%E7%AC%AC%2019%20%E7%AB%A0%20%E4%B8%80%E5%8F%A5%E8%AF%9D%E5%8F%AC%E5%94%A4%20AI%20%E8%A7%86%E9%A2%91%E5%9B%A2%E9%98%9F/assets/002_two-ai-video-teams_SXcUb9mpMo.png,/article-assets/source-calibration/ch19/002.png,/article-assets/replacements/ch19/002.png,1080,541,png,awaiting-replacement,
ch19-003,/wb-x/第二篇 案例篇：从一项任务到一支 AI 团队/第 19 章 一句话召唤 AI 视频团队/,3,第 19 章 一句话召唤 AI 视频团队 — image 3,https://workbuddy.homes/bluebook/%E7%AC%AC%E4%BA%8C%E7%AF%87%20%E6%A1%88%E4%BE%8B%E7%AF%87%EF%BC%9A%E4%BB%8E%E4%B8%80%E9%A1%B9%E4%BB%BB%E5%8A%A1%E5%88%B0%E4%B8%80%E6%94%AF%20AI%20%E5%9B%A2%E9%98%9F/%E7%AC%AC%2019%20%E7%AB%A0%20%E4%B8%80%E5%8F%A5%E8%AF%9D%E5%8F%AC%E5%94%A4%20AI%20%E8%A7%86%E9%A2%91%E5%9B%A2%E9%98%9F/assets/003_summon-expert-team-pc_FHrNbNCiBo.png,/article-assets/source-calibration/ch19/003.png,/article-assets/replacements/ch19/003.png,1080,576,png,awaiting-replacement,
ch19-004,/wb-x/第二篇 案例篇：从一项任务到一支 AI 团队/第 19 章 一句话召唤 AI 视频团队/,4,第 19 章 一句话召唤 AI 视频团队 — image 4,https://workbuddy.homes/bluebook/%E7%AC%AC%E4%BA%8C%E7%AF%87%20%E6%A1%88%E4%BE%8B%E7%AF%87%EF%BC%9A%E4%BB%8E%E4%B8%80%E9%A1%B9%E4%BB%BB%E5%8A%A1%E5%88%B0%E4%B8%80%E6%94%AF%20AI%20%E5%9B%A2%E9%98%9F/%E7%AC%AC%2019%20%E7%AB%A0%20%E4%B8%80%E5%8F%A5%E8%AF%9D%E5%8F%AC%E5%94%A4%20AI%20%E8%A7%86%E9%A2%91%E5%9B%A2%E9%98%9F/assets/004_video-team-roles_ZOJ8b7aQ7o.png,/article-assets/source-calibration/ch19/004.png,/article-assets/replacements/ch19/004.png,1080,836,png,awaiting-replacement,
ch19-005,/wb-x/第二篇 案例篇：从一项任务到一支 AI 团队/第 19 章 一句话召唤 AI 视频团队/,5,第 19 章 一句话召唤 AI 视频团队 — image 5,https://workbuddy.homes/bluebook/%E7%AC%AC%E4%BA%8C%E7%AF%87%20%E6%A1%88%E4%BE%8B%E7%AF%87%EF%BC%9A%E4%BB%8E%E4%B8%80%E9%A1%B9%E4%BB%BB%E5%8A%A1%E5%88%B0%E4%B8%80%E6%94%AF%20AI%20%E5%9B%A2%E9%98%9F/%E7%AC%AC%2019%20%E7%AB%A0%20%E4%B8%80%E5%8F%A5%E8%AF%9D%E5%8F%AC%E5%94%A4%20AI%20%E8%A7%86%E9%A2%91%E5%9B%A2%E9%98%9F/assets/005_multi-agent-team-overview_NzPHbTGH2o.png,/article-assets/source-calibration/ch19/005.png,/article-assets/replacements/ch19/005.png,1080,725,png,awaiting-replacement,
ch19-006,/wb-x/第二篇 案例篇：从一项任务到一支 AI 团队/第 19 章 一句话召唤 AI 视频团队/,6,第 19 章 一句话召唤 AI 视频团队 — image 6,https://workbuddy.homes/bluebook/%E7%AC%AC%E4%BA%8C%E7%AF%87%20%E6%A1%88%E4%BE%8B%E7%AF%87%EF%BC%9A%E4%BB%8E%E4%B8%80%E9%A1%B9%E4%BB%BB%E5%8A%A1%E5%88%B0%E4%B8%80%E6%94%AF%20AI%20%E5%9B%A2%E9%98%9F/%E7%AC%AC%2019%20%E7%AB%A0%20%E4%B8%80%E5%8F%A5%E8%AF%9D%E5%8F%AC%E5%94%A4%20AI%20%E8%A7%86%E9%A2%91%E5%9B%A2%E9%98%9F/assets/006_hyperframes-engine_Uj4hbc6Tzo.png,/article-assets/source-calibration/ch19/006.png,/article-assets/replacements/ch19/006.png,1080,929,png,awaiting-replacement,
ch19-007,/wb-x/第二篇 案例篇：从一项任务到一支 AI 团队/第 19 章 一句话召唤 AI 视频团队/,7,第 19 章 一句话召唤 AI 视频团队 — image 7,https://workbuddy.homes/bluebook/%E7%AC%AC%E4%BA%8C%E7%AF%87%20%E6%A1%88%E4%BE%8B%E7%AF%87%EF%BC%9A%E4%BB%8E%E4%B8%80%E9%A1%B9%E4%BB%BB%E5%8A%A1%E5%88%B0%E4%B8%80%E6%94%AF%20AI%20%E5%9B%A2%E9%98%9F/%E7%AC%AC%2019%20%E7%AB%A0%20%E4%B8%80%E5%8F%A5%E8%AF%9D%E5%8F%AC%E5%94%A4%20AI%20%E8%A7%86%E9%A2%91%E5%9B%A2%E9%98%9F/assets/007_collection-report_KPn1bXgYQo.png,/article-assets/source-calibration/ch19/007.png,/article-assets/replacements/ch19/007.png,853,950,png,awaiting-replacement,
ch19-008,/wb-x/第二篇 案例篇：从一项任务到一支 AI 团队/第 19 章 一句话召唤 AI 视频团队/,8,第 19 章 一句话召唤 AI 视频团队 — image 8,https://workbuddy.homes/bluebook/%E7%AC%AC%E4%BA%8C%E7%AF%87%20%E6%A1%88%E4%BE%8B%E7%AF%87%EF%BC%9A%E4%BB%8E%E4%B8%80%E9%A1%B9%E4%BB%BB%E5%8A%A1%E5%88%B0%E4%B8%80%E6%94%AF%20AI%20%E5%9B%A2%E9%98%9F/%E7%AC%AC%2019%20%E7%AB%A0%20%E4%B8%80%E5%8F%A5%E8%AF%9D%E5%8F%AC%E5%94%A4%20AI%20%E8%A7%86%E9%A2%91%E5%9B%A2%E9%98%9F/assets/008_planner-full_YPM3boyNTo.png,/article-assets/source-calibration/ch19/008.png,/article-assets/replacements/ch19/008.png,1080,698,png,awaiting-replacement,
ch19-009,/wb-x/第二篇 案例篇：从一项任务到一支 AI 团队/第 19 章 一句话召唤 AI 视频团队/,9,第 19 章 一句话召唤 AI 视频团队 — image 9,https://workbuddy.homes/bluebook/%E7%AC%AC%E4%BA%8C%E7%AF%87%20%E6%A1%88%E4%BE%8B%E7%AF%87%EF%BC%9A%E4%BB%8E%E4%B8%80%E9%A1%B9%E4%BB%BB%E5%8A%A1%E5%88%B0%E4%B8%80%E6%94%AF%20AI%20%E5%9B%A2%E9%98%9F/%E7%AC%AC%2019%20%E7%AB%A0%20%E4%B8%80%E5%8F%A5%E8%AF%9D%E5%8F%AC%E5%94%A4%20AI%20%E8%A7%86%E9%A2%91%E5%9B%A2%E9%98%9F/assets/009_video-producer_PohnbE1jKo.png,/article-assets/source-calibration/ch19/009.png,/article-assets/replacements/ch19/009.png,505,313,png,awaiting-replacement,
ch19-010,/wb-x/第二篇 案例篇：从一项任务到一支 AI 团队/第 19 章 一句话召唤 AI 视频团队/,10,第 19 章 一句话召唤 AI 视频团队 — image 10,https://workbuddy.homes/bluebook/%E7%AC%AC%E4%BA%8C%E7%AF%87%20%E6%A1%88%E4%BE%8B%E7%AF%87%EF%BC%9A%E4%BB%8E%E4%B8%80%E9%A1%B9%E4%BB%BB%E5%8A%A1%E5%88%B0%E4%B8%80%E6%94%AF%20AI%20%E5%9B%A2%E9%98%9F/%E7%AC%AC%2019%20%E7%AB%A0%20%E4%B8%80%E5%8F%A5%E8%AF%9D%E5%8F%AC%E5%94%A4%20AI%20%E8%A7%86%E9%A2%91%E5%9B%A2%E9%98%9F/assets/010_workbuddy-flow_FSJzb5xLQo.png,/article-assets/source-calibration/ch19/010.png,/article-assets/replacements/ch19/010.png,1080,670,png,awaiting-replacement,
ch19-011,/wb-x/第二篇 案例篇：从一项任务到一支 AI 团队/第 19 章 一句话召唤 AI 视频团队/,11,第 19 章 一句话召唤 AI 视频团队 — image 11,https://workbuddy.homes/bluebook/%E7%AC%AC%E4%BA%8C%E7%AF%87%20%E6%A1%88%E4%BE%8B%E7%AF%87%EF%BC%9A%E4%BB%8E%E4%B8%80%E9%A1%B9%E4%BB%BB%E5%8A%A1%E5%88%B0%E4%B8%80%E6%94%AF%20AI%20%E5%9B%A2%E9%98%9F/%E7%AC%AC%2019%20%E7%AB%A0%20%E4%B8%80%E5%8F%A5%E8%AF%9D%E5%8F%AC%E5%94%A4%20AI%20%E8%A7%86%E9%A2%91%E5%9B%A2%E9%98%9F/assets/011_publish-demo_DdTYbbBxLo.png,/article-assets/source-calibration/ch19/011.png,/article-assets/replacements/ch19/011.png,811,774,png,awaiting-replacement,
ch19-012,/wb-x/第二篇 案例篇：从一项任务到一支 AI 团队/第 19 章 一句话召唤 AI 视频团队/,12,第 19 章 一句话召唤 AI 视频团队 — image 12,https://workbuddy.homes/bluebook/%E7%AC%AC%E4%BA%8C%E7%AF%87%20%E6%A1%88%E4%BE%8B%E7%AF%87%EF%BC%9A%E4%BB%8E%E4%B8%80%E9%A1%B9%E4%BB%BB%E5%8A%A1%E5%88%B0%E4%B8%80%E6%94%AF%20AI%20%E5%9B%A2%E9%98%9F/%E7%AC%AC%2019%20%E7%AB%A0%20%E4%B8%80%E5%8F%A5%E8%AF%9D%E5%8F%AC%E5%94%A4%20AI%20%E8%A7%86%E9%A2%91%E5%9B%A2%E9%98%9F/assets/012_publish-result_Qpz2bvBwTo.png,/article-assets/source-calibration/ch19/012.png,/article-assets/replacements/ch19/012.png,1080,226,png,awaiting-replacement,
ch19-013,/wb-x/第二篇 案例篇：从一项任务到一支 AI 团队/第 19 章 一句话召唤 AI 视频团队/,13,第 19 章 一句话召唤 AI 视频团队 — image 13,https://workbuddy.homes/bluebook/%E7%AC%AC%E4%BA%8C%E7%AF%87%20%E6%A1%88%E4%BE%8B%E7%AF%87%EF%BC%9A%E4%BB%8E%E4%B8%80%E9%A1%B9%E4%BB%BB%E5%8A%A1%E5%88%B0%E4%B8%80%E6%94%AF%20AI%20%E5%9B%A2%E9%98%9F/%E7%AC%AC%2019%20%E7%AB%A0%20%E4%B8%80%E5%8F%A5%E8%AF%9D%E5%8F%AC%E5%94%A4%20AI%20%E8%A7%86%E9%A2%91%E5%9B%A2%E9%98%9F/assets/013_anatomy-team_OI1Ubltu1o.png,/article-assets/source-calibration/ch19/013.png,/article-assets/replacements/ch19/013.png,1080,809,png,awaiting-replacement,
ch19-014,/wb-x/第二篇 案例篇：从一项任务到一支 AI 团队/第 19 章 一句话召唤 AI 视频团队/,14,第 19 章 一句话召唤 AI 视频团队 — image 14,https://workbuddy.homes/bluebook/%E7%AC%AC%E4%BA%8C%E7%AF%87%20%E6%A1%88%E4%BE%8B%E7%AF%87%EF%BC%9A%E4%BB%8E%E4%B8%80%E9%A1%B9%E4%BB%BB%E5%8A%A1%E5%88%B0%E4%B8%80%E6%94%AF%20AI%20%E5%9B%A2%E9%98%9F/%E7%AC%AC%2019%20%E7%AB%A0%20%E4%B8%80%E5%8F%A5%E8%AF%9D%E5%8F%AC%E5%94%A4%20AI%20%E8%A7%86%E9%A2%91%E5%9B%A2%E9%98%9F/assets/014_anatomy-demo_PJuybCsQao.png,/article-assets/source-calibration/ch19/014.png,/article-assets/replacements/ch19/014.png,731,874,png,awaiting-replacement,
ch19-015,/wb-x/第二篇 案例篇：从一项任务到一支 AI 团队/第 19 章 一句话召唤 AI 视频团队/,15,第 19 章 一句话召唤 AI 视频团队 — image 15,https://workbuddy.homes/bluebook/%E7%AC%AC%E4%BA%8C%E7%AF%87%20%E6%A1%88%E4%BE%8B%E7%AF%87%EF%BC%9A%E4%BB%8E%E4%B8%80%E9%A1%B9%E4%BB%BB%E5%8A%A1%E5%88%B0%E4%B8%80%E6%94%AF%20AI%20%E5%9B%A2%E9%98%9F/%E7%AC%AC%2019%20%E7%AB%A0%20%E4%B8%80%E5%8F%A5%E8%AF%9D%E5%8F%AC%E5%94%A4%20AI%20%E8%A7%86%E9%A2%91%E5%9B%A2%E9%98%9F/assets/015_anatomy-flow_CuFcbaM9Ao.png,/article-assets/source-calibration/ch19/015.png,/article-assets/replacements/ch19/015.png,955,2682,png,awaiting-replacement,
ch19-016,/wb-x/第二篇 案例篇：从一项任务到一支 AI 团队/第 19 章 一句话召唤 AI 视频团队/,16,第 19 章 一句话召唤 AI 视频团队 — image 16,https://workbuddy.homes/bluebook/%E7%AC%AC%E4%BA%8C%E7%AF%87%20%E6%A1%88%E4%BE%8B%E7%AF%87%EF%BC%9A%E4%BB%8E%E4%B8%80%E9%A1%B9%E4%BB%BB%E5%8A%A1%E5%88%B0%E4%B8%80%E6%94%AF%20AI%20%E5%9B%A2%E9%98%9F/%E7%AC%AC%2019%20%E7%AB%A0%20%E4%B8%80%E5%8F%A5%E8%AF%9D%E5%8F%AC%E5%94%A4%20AI%20%E8%A7%86%E9%A2%91%E5%9B%A2%E9%98%9F/assets/016_audio-extract_EijVbt25mo.png,/article-assets/source-calibration/ch19/016.png,/article-assets/replacements/ch19/016.png,698,836,png,awaiting-replacement,
ch19-017,/wb-x/第二篇 案例篇：从一项任务到一支 AI 团队/第 19 章 一句话召唤 AI 视频团队/,17,第 19 章 一句话召唤 AI 视频团队 — image 17,https://workbuddy.homes/bluebook/%E7%AC%AC%E4%BA%8C%E7%AF%87%20%E6%A1%88%E4%BE%8B%E7%AF%87%EF%BC%9A%E4%BB%8E%E4%B8%80%E9%A1%B9%E4%BB%BB%E5%8A%A1%E5%88%B0%E4%B8%80%E6%94%AF%20AI%20%E5%9B%A2%E9%98%9F/%E7%AC%AC%2019%20%E7%AB%A0%20%E4%B8%80%E5%8F%A5%E8%AF%9D%E5%8F%AC%E5%94%A4%20AI%20%E8%A7%86%E9%A2%91%E5%9B%A2%E9%98%9F/assets/017_transcript-result_Zyc0bjAhTo.png,/article-assets/source-calibration/ch19/017.png,/article-assets/replacements/ch19/017.png,675,845,png,awaiting-replacement,
ch19-018,/wb-x/第二篇 案例篇：从一项任务到一支 AI 团队/第 19 章 一句话召唤 AI 视频团队/,18,第 19 章 一句话召唤 AI 视频团队 — image 18,https://workbuddy.homes/bluebook/%E7%AC%AC%E4%BA%8C%E7%AF%87%20%E6%A1%88%E4%BE%8B%E7%AF%87%EF%BC%9A%E4%BB%8E%E4%B8%80%E9%A1%B9%E4%BB%BB%E5%8A%A1%E5%88%B0%E4%B8%80%E6%94%AF%20AI%20%E5%9B%A2%E9%98%9F/%E7%AC%AC%2019%20%E7%AB%A0%20%E4%B8%80%E5%8F%A5%E8%AF%9D%E5%8F%AC%E5%94%A4%20AI%20%E8%A7%86%E9%A2%91%E5%9B%A2%E9%98%9F/assets/018_video-understand_VwxLb62b1o.png,/article-assets/source-calibration/ch19/018.png,/article-assets/replacements/ch19/018.png,632,908,png,awaiting-replacement,
ch19-019,/wb-x/第二篇 案例篇：从一项任务到一支 AI 团队/第 19 章 一句话召唤 AI 视频团队/,19,第 19 章 一句话召唤 AI 视频团队 — image 19,https://workbuddy.homes/bluebook/%E7%AC%AC%E4%BA%8C%E7%AF%87%20%E6%A1%88%E4%BE%8B%E7%AF%87%EF%BC%9A%E4%BB%8E%E4%B8%80%E9%A1%B9%E4%BB%BB%E5%8A%A1%E5%88%B0%E4%B8%80%E6%94%AF%20AI%20%E5%9B%A2%E9%98%9F/%E7%AC%AC%2019%20%E7%AB%A0%20%E4%B8%80%E5%8F%A5%E8%AF%9D%E5%8F%AC%E5%94%A4%20AI%20%E8%A7%86%E9%A2%91%E5%9B%A2%E9%98%9F/assets/019_clip-cut_HAWrbELZIo.png,/article-assets/source-calibration/ch19/019.png,/article-assets/replacements/ch19/019.png,980,533,png,awaiting-replacement,
ch20-001,/wb-x/第二篇 案例篇：从一项任务到一支 AI 团队/第 20 章 自媒体不只是靠努力，而是一条增长闭环/,1,第 20 章 自媒体不只是靠努力，而是一条增长闭环 — image 1,https://workbuddy.homes/bluebook/%E7%AC%AC%E4%BA%8C%E7%AF%87%20%E6%A1%88%E4%BE%8B%E7%AF%87%EF%BC%9A%E4%BB%8E%E4%B8%80%E9%A1%B9%E4%BB%BB%E5%8A%A1%E5%88%B0%E4%B8%80%E6%94%AF%20AI%20%E5%9B%A2%E9%98%9F/%E7%AC%AC%2020%20%E7%AB%A0%20%E8%87%AA%E5%AA%92%E4%BD%93%E4%B8%8D%E5%8F%AA%E6%98%AF%E9%9D%A0%E5%8A%AA%E5%8A%9B%EF%BC%8C%E8%80%8C%E6%98%AF%E4%B8%80%E6%9D%A1%E5%A2%9E%E9%95%BF%E9%97%AD%E7%8E%AF/assets/001_image_TBeUbtO5Uo.png,/article-assets/source-calibration/ch20/001.png,/article-assets/replacements/ch20/001.png,1692,1076,png,awaiting-replacement,
ch20-002,/wb-x/第二篇 案例篇：从一项任务到一支 AI 团队/第 20 章 自媒体不只是靠努力，而是一条增长闭环/,2,第 20 章 自媒体不只是靠努力，而是一条增长闭环 — image 2,https://workbuddy.homes/bluebook/%E7%AC%AC%E4%BA%8C%E7%AF%87%20%E6%A1%88%E4%BE%8B%E7%AF%87%EF%BC%9A%E4%BB%8E%E4%B8%80%E9%A1%B9%E4%BB%BB%E5%8A%A1%E5%88%B0%E4%B8%80%E6%94%AF%20AI%20%E5%9B%A2%E9%98%9F/%E7%AC%AC%2020%20%E7%AB%A0%20%E8%87%AA%E5%AA%92%E4%BD%93%E4%B8%8D%E5%8F%AA%E6%98%AF%E9%9D%A0%E5%8A%AA%E5%8A%9B%EF%BC%8C%E8%80%8C%E6%98%AF%E4%B8%80%E6%9D%A1%E5%A2%9E%E9%95%BF%E9%97%AD%E7%8E%AF/assets/002_image_UsfnbdO18o.png,/article-assets/source-calibration/ch20/002.png,/article-assets/replacements/ch20/002.png,2344,1760,png,awaiting-replacement,
ch20-003,/wb-x/第二篇 案例篇：从一项任务到一支 AI 团队/第 20 章 自媒体不只是靠努力，而是一条增长闭环/,3,第 20 章 自媒体不只是靠努力，而是一条增长闭环 — image 3,https://workbuddy.homes/bluebook/%E7%AC%AC%E4%BA%8C%E7%AF%87%20%E6%A1%88%E4%BE%8B%E7%AF%87%EF%BC%9A%E4%BB%8E%E4%B8%80%E9%A1%B9%E4%BB%BB%E5%8A%A1%E5%88%B0%E4%B8%80%E6%94%AF%20AI%20%E5%9B%A2%E9%98%9F/%E7%AC%AC%2020%20%E7%AB%A0%20%E8%87%AA%E5%AA%92%E4%BD%93%E4%B8%8D%E5%8F%AA%E6%98%AF%E9%9D%A0%E5%8A%AA%E5%8A%9B%EF%BC%8C%E8%80%8C%E6%98%AF%E4%B8%80%E6%9D%A1%E5%A2%9E%E9%95%BF%E9%97%AD%E7%8E%AF/assets/003_image_D9dBbor45o.png,/article-assets/source-calibration/ch20/003.png,/article-assets/replacements/ch20/003.png,1080,372,png,awaiting-replacement,
ch20-004,/wb-x/第二篇 案例篇：从一项任务到一支 AI 团队/第 20 章 自媒体不只是靠努力，而是一条增长闭环/,4,第 20 章 自媒体不只是靠努力，而是一条增长闭环 — image 4,https://workbuddy.homes/bluebook/%E7%AC%AC%E4%BA%8C%E7%AF%87%20%E6%A1%88%E4%BE%8B%E7%AF%87%EF%BC%9A%E4%BB%8E%E4%B8%80%E9%A1%B9%E4%BB%BB%E5%8A%A1%E5%88%B0%E4%B8%80%E6%94%AF%20AI%20%E5%9B%A2%E9%98%9F/%E7%AC%AC%2020%20%E7%AB%A0%20%E8%87%AA%E5%AA%92%E4%BD%93%E4%B8%8D%E5%8F%AA%E6%98%AF%E9%9D%A0%E5%8A%AA%E5%8A%9B%EF%BC%8C%E8%80%8C%E6%98%AF%E4%B8%80%E6%9D%A1%E5%A2%9E%E9%95%BF%E9%97%AD%E7%8E%AF/assets/004_image_SgdBbN3bXo.png,/article-assets/source-calibration/ch20/004.png,/article-assets/replacements/ch20/004.png,1080,393,png,awaiting-replacement,
ch20-005,/wb-x/第二篇 案例篇：从一项任务到一支 AI 团队/第 20 章 自媒体不只是靠努力，而是一条增长闭环/,5,第 20 章 自媒体不只是靠努力，而是一条增长闭环 — image 5,https://workbuddy.homes/bluebook/%E7%AC%AC%E4%BA%8C%E7%AF%87%20%E6%A1%88%E4%BE%8B%E7%AF%87%EF%BC%9A%E4%BB%8E%E4%B8%80%E9%A1%B9%E4%BB%BB%E5%8A%A1%E5%88%B0%E4%B8%80%E6%94%AF%20AI%20%E5%9B%A2%E9%98%9F/%E7%AC%AC%2020%20%E7%AB%A0%20%E8%87%AA%E5%AA%92%E4%BD%93%E4%B8%8D%E5%8F%AA%E6%98%AF%E9%9D%A0%E5%8A%AA%E5%8A%9B%EF%BC%8C%E8%80%8C%E6%98%AF%E4%B8%80%E6%9D%A1%E5%A2%9E%E9%95%BF%E9%97%AD%E7%8E%AF/assets/005_image_IrhFbSsgxo.png,/article-assets/source-calibration/ch20/005.png,/article-assets/replacements/ch20/005.png,1080,455,png,awaiting-replacement,
ch20-006,/wb-x/第二篇 案例篇：从一项任务到一支 AI 团队/第 20 章 自媒体不只是靠努力，而是一条增长闭环/,6,第 20 章 自媒体不只是靠努力，而是一条增长闭环 — image 6,https://workbuddy.homes/bluebook/%E7%AC%AC%E4%BA%8C%E7%AF%87%20%E6%A1%88%E4%BE%8B%E7%AF%87%EF%BC%9A%E4%BB%8E%E4%B8%80%E9%A1%B9%E4%BB%BB%E5%8A%A1%E5%88%B0%E4%B8%80%E6%94%AF%20AI%20%E5%9B%A2%E9%98%9F/%E7%AC%AC%2020%20%E7%AB%A0%20%E8%87%AA%E5%AA%92%E4%BD%93%E4%B8%8D%E5%8F%AA%E6%98%AF%E9%9D%A0%E5%8A%AA%E5%8A%9B%EF%BC%8C%E8%80%8C%E6%98%AF%E4%B8%80%E6%9D%A1%E5%A2%9E%E9%95%BF%E9%97%AD%E7%8E%AF/assets/006_image_OmoDbu7rBo.png,/article-assets/source-calibration/ch20/006.png,/article-assets/replacements/ch20/006.png,1722,1290,png,awaiting-replacement,
ch20-007,/wb-x/第二篇 案例篇：从一项任务到一支 AI 团队/第 20 章 自媒体不只是靠努力，而是一条增长闭环/,7,第 20 章 自媒体不只是靠努力，而是一条增长闭环 — image 7,https://workbuddy.homes/bluebook/%E7%AC%AC%E4%BA%8C%E7%AF%87%20%E6%A1%88%E4%BE%8B%E7%AF%87%EF%BC%9A%E4%BB%8E%E4%B8%80%E9%A1%B9%E4%BB%BB%E5%8A%A1%E5%88%B0%E4%B8%80%E6%94%AF%20AI%20%E5%9B%A2%E9%98%9F/%E7%AC%AC%2020%20%E7%AB%A0%20%E8%87%AA%E5%AA%92%E4%BD%93%E4%B8%8D%E5%8F%AA%E6%98%AF%E9%9D%A0%E5%8A%AA%E5%8A%9B%EF%BC%8C%E8%80%8C%E6%98%AF%E4%B8%80%E6%9D%A1%E5%A2%9E%E9%95%BF%E9%97%AD%E7%8E%AF/assets/007_image_YCTubyoc3o.png,/article-assets/source-calibration/ch20/007.png,/article-assets/replacements/ch20/007.png,2302,1772,png,awaiting-replacement,
ch20-008,/wb-x/第二篇 案例篇：从一项任务到一支 AI 团队/第 20 章 自媒体不只是靠努力，而是一条增长闭环/,8,第 20 章 自媒体不只是靠努力，而是一条增长闭环 — image 8,https://workbuddy.homes/bluebook/%E7%AC%AC%E4%BA%8C%E7%AF%87%20%E6%A1%88%E4%BE%8B%E7%AF%87%EF%BC%9A%E4%BB%8E%E4%B8%80%E9%A1%B9%E4%BB%BB%E5%8A%A1%E5%88%B0%E4%B8%80%E6%94%AF%20AI%20%E5%9B%A2%E9%98%9F/%E7%AC%AC%2020%20%E7%AB%A0%20%E8%87%AA%E5%AA%92%E4%BD%93%E4%B8%8D%E5%8F%AA%E6%98%AF%E9%9D%A0%E5%8A%AA%E5%8A%9B%EF%BC%8C%E8%80%8C%E6%98%AF%E4%B8%80%E6%9D%A1%E5%A2%9E%E9%95%BF%E9%97%AD%E7%8E%AF/assets/008_image_Cezibb1uao.png,/article-assets/source-calibration/ch20/008.png,/article-assets/replacements/ch20/008.png,956,976,png,awaiting-replacement,
ch20-009,/wb-x/第二篇 案例篇：从一项任务到一支 AI 团队/第 20 章 自媒体不只是靠努力，而是一条增长闭环/,9,第 20 章 自媒体不只是靠努力，而是一条增长闭环 — image 9,https://workbuddy.homes/bluebook/%E7%AC%AC%E4%BA%8C%E7%AF%87%20%E6%A1%88%E4%BE%8B%E7%AF%87%EF%BC%9A%E4%BB%8E%E4%B8%80%E9%A1%B9%E4%BB%BB%E5%8A%A1%E5%88%B0%E4%B8%80%E6%94%AF%20AI%20%E5%9B%A2%E9%98%9F/%E7%AC%AC%2020%20%E7%AB%A0%20%E8%87%AA%E5%AA%92%E4%BD%93%E4%B8%8D%E5%8F%AA%E6%98%AF%E9%9D%A0%E5%8A%AA%E5%8A%9B%EF%BC%8C%E8%80%8C%E6%98%AF%E4%B8%80%E6%9D%A1%E5%A2%9E%E9%95%BF%E9%97%AD%E7%8E%AF/assets/009_image_YB8xbAm4Zo.png,/article-assets/source-calibration/ch20/009.png,/article-assets/replacements/ch20/009.png,2302,1676,png,awaiting-replacement,
ch20-010,/wb-x/第二篇 案例篇：从一项任务到一支 AI 团队/第 20 章 自媒体不只是靠努力，而是一条增长闭环/,10,第 20 章 自媒体不只是靠努力，而是一条增长闭环 — image 10,https://workbuddy.homes/bluebook/%E7%AC%AC%E4%BA%8C%E7%AF%87%20%E6%A1%88%E4%BE%8B%E7%AF%87%EF%BC%9A%E4%BB%8E%E4%B8%80%E9%A1%B9%E4%BB%BB%E5%8A%A1%E5%88%B0%E4%B8%80%E6%94%AF%20AI%20%E5%9B%A2%E9%98%9F/%E7%AC%AC%2020%20%E7%AB%A0%20%E8%87%AA%E5%AA%92%E4%BD%93%E4%B8%8D%E5%8F%AA%E6%98%AF%E9%9D%A0%E5%8A%AA%E5%8A%9B%EF%BC%8C%E8%80%8C%E6%98%AF%E4%B8%80%E6%9D%A1%E5%A2%9E%E9%95%BF%E9%97%AD%E7%8E%AF/assets/010_image_FUCAbuw08o.png,/article-assets/source-calibration/ch20/010.png,/article-assets/replacements/ch20/010.png,2336,1568,png,awaiting-replacement,
ch20-011,/wb-x/第二篇 案例篇：从一项任务到一支 AI 团队/第 20 章 自媒体不只是靠努力，而是一条增长闭环/,11,第 20 章 自媒体不只是靠努力，而是一条增长闭环 — image 11,https://workbuddy.homes/bluebook/%E7%AC%AC%E4%BA%8C%E7%AF%87%20%E6%A1%88%E4%BE%8B%E7%AF%87%EF%BC%9A%E4%BB%8E%E4%B8%80%E9%A1%B9%E4%BB%BB%E5%8A%A1%E5%88%B0%E4%B8%80%E6%94%AF%20AI%20%E5%9B%A2%E9%98%9F/%E7%AC%AC%2020%20%E7%AB%A0%20%E8%87%AA%E5%AA%92%E4%BD%93%E4%B8%8D%E5%8F%AA%E6%98%AF%E9%9D%A0%E5%8A%AA%E5%8A%9B%EF%BC%8C%E8%80%8C%E6%98%AF%E4%B8%80%E6%9D%A1%E5%A2%9E%E9%95%BF%E9%97%AD%E7%8E%AF/assets/011_image_VrCsbV8TPo.png,/article-assets/source-calibration/ch20/011.png,/article-assets/replacements/ch20/011.png,2310,1722,png,awaiting-replacement,
ch20-012,/wb-x/第二篇 案例篇：从一项任务到一支 AI 团队/第 20 章 自媒体不只是靠努力，而是一条增长闭环/,12,第 20 章 自媒体不只是靠努力，而是一条增长闭环 — image 12,https://workbuddy.homes/bluebook/%E7%AC%AC%E4%BA%8C%E7%AF%87%20%E6%A1%88%E4%BE%8B%E7%AF%87%EF%BC%9A%E4%BB%8E%E4%B8%80%E9%A1%B9%E4%BB%BB%E5%8A%A1%E5%88%B0%E4%B8%80%E6%94%AF%20AI%20%E5%9B%A2%E9%98%9F/%E7%AC%AC%2020%20%E7%AB%A0%20%E8%87%AA%E5%AA%92%E4%BD%93%E4%B8%8D%E5%8F%AA%E6%98%AF%E9%9D%A0%E5%8A%AA%E5%8A%9B%EF%BC%8C%E8%80%8C%E6%98%AF%E4%B8%80%E6%9D%A1%E5%A2%9E%E9%95%BF%E9%97%AD%E7%8E%AF/assets/012_image_WzaxbhMT7o.png,/article-assets/source-calibration/ch20/012.png,/article-assets/replacements/ch20/012.png,2226,1226,png,awaiting-replacement,
ch20-013,/wb-x/第二篇 案例篇：从一项任务到一支 AI 团队/第 20 章 自媒体不只是靠努力，而是一条增长闭环/,13,第 20 章 自媒体不只是靠努力，而是一条增长闭环 — image 13,https://workbuddy.homes/bluebook/%E7%AC%AC%E4%BA%8C%E7%AF%87%20%E6%A1%88%E4%BE%8B%E7%AF%87%EF%BC%9A%E4%BB%8E%E4%B8%80%E9%A1%B9%E4%BB%BB%E5%8A%A1%E5%88%B0%E4%B8%80%E6%94%AF%20AI%20%E5%9B%A2%E9%98%9F/%E7%AC%AC%2020%20%E7%AB%A0%20%E8%87%AA%E5%AA%92%E4%BD%93%E4%B8%8D%E5%8F%AA%E6%98%AF%E9%9D%A0%E5%8A%AA%E5%8A%9B%EF%BC%8C%E8%80%8C%E6%98%AF%E4%B8%80%E6%9D%A1%E5%A2%9E%E9%95%BF%E9%97%AD%E7%8E%AF/assets/013_image_KqQsbAw8Ho.png,/article-assets/source-calibration/ch20/013.png,/article-assets/replacements/ch20/013.png,2156,1190,png,awaiting-replacement,
ch20-014,/wb-x/第二篇 案例篇：从一项任务到一支 AI 团队/第 20 章 自媒体不只是靠努力，而是一条增长闭环/,14,第 20 章 自媒体不只是靠努力，而是一条增长闭环 — image 14,https://workbuddy.homes/bluebook/%E7%AC%AC%E4%BA%8C%E7%AF%87%20%E6%A1%88%E4%BE%8B%E7%AF%87%EF%BC%9A%E4%BB%8E%E4%B8%80%E9%A1%B9%E4%BB%BB%E5%8A%A1%E5%88%B0%E4%B8%80%E6%94%AF%20AI%20%E5%9B%A2%E9%98%9F/%E7%AC%AC%2020%20%E7%AB%A0%20%E8%87%AA%E5%AA%92%E4%BD%93%E4%B8%8D%E5%8F%AA%E6%98%AF%E9%9D%A0%E5%8A%AA%E5%8A%9B%EF%BC%8C%E8%80%8C%E6%98%AF%E4%B8%80%E6%9D%A1%E5%A2%9E%E9%95%BF%E9%97%AD%E7%8E%AF/assets/014_image_GUBtbiSfao.png,/article-assets/source-calibration/ch20/014.png,/article-assets/replacements/ch20/014.png,2242,1556,png,awaiting-replacement,
ch20-015,/wb-x/第二篇 案例篇：从一项任务到一支 AI 团队/第 20 章 自媒体不只是靠努力，而是一条增长闭环/,15,第 20 章 自媒体不只是靠努力，而是一条增长闭环 — image 15,https://workbuddy.homes/bluebook/%E7%AC%AC%E4%BA%8C%E7%AF%87%20%E6%A1%88%E4%BE%8B%E7%AF%87%EF%BC%9A%E4%BB%8E%E4%B8%80%E9%A1%B9%E4%BB%BB%E5%8A%A1%E5%88%B0%E4%B8%80%E6%94%AF%20AI%20%E5%9B%A2%E9%98%9F/%E7%AC%AC%2020%20%E7%AB%A0%20%E8%87%AA%E5%AA%92%E4%BD%93%E4%B8%8D%E5%8F%AA%E6%98%AF%E9%9D%A0%E5%8A%AA%E5%8A%9B%EF%BC%8C%E8%80%8C%E6%98%AF%E4%B8%80%E6%9D%A1%E5%A2%9E%E9%95%BF%E9%97%AD%E7%8E%AF/assets/015_image_QHmHbuB4Ro.png,/article-assets/source-calibration/ch20/015.png,/article-assets/replacements/ch20/015.png,2316,1746,png,awaiting-replacement,
ch20-016,/wb-x/第二篇 案例篇：从一项任务到一支 AI 团队/第 20 章 自媒体不只是靠努力，而是一条增长闭环/,16,第 20 章 自媒体不只是靠努力，而是一条增长闭环 — image 16,https://workbuddy.homes/bluebook/%E7%AC%AC%E4%BA%8C%E7%AF%87%20%E6%A1%88%E4%BE%8B%E7%AF%87%EF%BC%9A%E4%BB%8E%E4%B8%80%E9%A1%B9%E4%BB%BB%E5%8A%A1%E5%88%B0%E4%B8%80%E6%94%AF%20AI%20%E5%9B%A2%E9%98%9F/%E7%AC%AC%2020%20%E7%AB%A0%20%E8%87%AA%E5%AA%92%E4%BD%93%E4%B8%8D%E5%8F%AA%E6%98%AF%E9%9D%A0%E5%8A%AA%E5%8A%9B%EF%BC%8C%E8%80%8C%E6%98%AF%E4%B8%80%E6%9D%A1%E5%A2%9E%E9%95%BF%E9%97%AD%E7%8E%AF/assets/016_image_NtnjbhJRHo.png,/article-assets/source-calibration/ch20/016.png,/article-assets/replacements/ch20/016.png,2312,1768,png,awaiting-replacement,
ch21-001,/wb-x/第二篇 案例篇：从一项任务到一支 AI 团队/第 21 章 WorkBuddy也能做GEO专家/,1,第 21 章 WorkBuddy也能做GEO专家 — image 1,https://workbuddy.homes/bluebook/%E7%AC%AC%E4%BA%8C%E7%AF%87%20%E6%A1%88%E4%BE%8B%E7%AF%87%EF%BC%9A%E4%BB%8E%E4%B8%80%E9%A1%B9%E4%BB%BB%E5%8A%A1%E5%88%B0%E4%B8%80%E6%94%AF%20AI%20%E5%9B%A2%E9%98%9F/%E7%AC%AC%2021%20%E7%AB%A0%20WorkBuddy%E4%B9%9F%E8%83%BD%E5%81%9AGEO%E4%B8%93%E5%AE%B6/assets/001_geo-expert-market_Aq5vbw1zpo.png,/article-assets/source-calibration/ch21/001.png,/article-assets/replacements/ch21/001.png,1080,575,png,awaiting-replacement,
ch21-002,/wb-x/第二篇 案例篇：从一项任务到一支 AI 团队/第 21 章 WorkBuddy也能做GEO专家/,2,第 21 章 WorkBuddy也能做GEO专家 — image 2,https://workbuddy.homes/bluebook/%E7%AC%AC%E4%BA%8C%E7%AF%87%20%E6%A1%88%E4%BE%8B%E7%AF%87%EF%BC%9A%E4%BB%8E%E4%B8%80%E9%A1%B9%E4%BB%BB%E5%8A%A1%E5%88%B0%E4%B8%80%E6%94%AF%20AI%20%E5%9B%A2%E9%98%9F/%E7%AC%AC%2021%20%E7%AB%A0%20WorkBuddy%E4%B9%9F%E8%83%BD%E5%81%9AGEO%E4%B8%93%E5%AE%B6/assets/002_geo-wesight-input_Igu2bhBHto.jpg,/article-assets/source-calibration/ch21/002.png,/article-assets/replacements/ch21/002.png,1080,608,png,awaiting-replacement,
ch21-003,/wb-x/第二篇 案例篇：从一项任务到一支 AI 团队/第 21 章 WorkBuddy也能做GEO专家/,3,第 21 章 WorkBuddy也能做GEO专家 — image 3,https://workbuddy.homes/bluebook/%E7%AC%AC%E4%BA%8C%E7%AF%87%20%E6%A1%88%E4%BE%8B%E7%AF%87%EF%BC%9A%E4%BB%8E%E4%B8%80%E9%A1%B9%E4%BB%BB%E5%8A%A1%E5%88%B0%E4%B8%80%E6%94%AF%20AI%20%E5%9B%A2%E9%98%9F/%E7%AC%AC%2021%20%E7%AB%A0%20WorkBuddy%E4%B9%9F%E8%83%BD%E5%81%9AGEO%E4%B8%93%E5%AE%B6/assets/003_geo-wesight-running-report_NPbHbLzS1o.jpg,/article-assets/source-calibration/ch21/003.png,/article-assets/replacements/ch21/003.png,1080,663,png,awaiting-replacement,
ch21-004,/wb-x/第二篇 案例篇：从一项任务到一支 AI 团队/第 21 章 WorkBuddy也能做GEO专家/,4,第 21 章 WorkBuddy也能做GEO专家 — image 4,https://workbuddy.homes/bluebook/%E7%AC%AC%E4%BA%8C%E7%AF%87%20%E6%A1%88%E4%BE%8B%E7%AF%87%EF%BC%9A%E4%BB%8E%E4%B8%80%E9%A1%B9%E4%BB%BB%E5%8A%A1%E5%88%B0%E4%B8%80%E6%94%AF%20AI%20%E5%9B%A2%E9%98%9F/%E7%AC%AC%2021%20%E7%AB%A0%20WorkBuddy%E4%B9%9F%E8%83%BD%E5%81%9AGEO%E4%B8%93%E5%AE%B6/assets/004_geo-overview-risk_F7TdbI1vDo.png,/article-assets/source-calibration/ch21/004.png,/article-assets/replacements/ch21/004.png,1080,704,png,awaiting-replacement,
ch21-005,/wb-x/第二篇 案例篇：从一项任务到一支 AI 团队/第 21 章 WorkBuddy也能做GEO专家/,5,第 21 章 WorkBuddy也能做GEO专家 — image 5,https://workbuddy.homes/bluebook/%E7%AC%AC%E4%BA%8C%E7%AF%87%20%E6%A1%88%E4%BE%8B%E7%AF%87%EF%BC%9A%E4%BB%8E%E4%B8%80%E9%A1%B9%E4%BB%BB%E5%8A%A1%E5%88%B0%E4%B8%80%E6%94%AF%20AI%20%E5%9B%A2%E9%98%9F/%E7%AC%AC%2021%20%E7%AB%A0%20WorkBuddy%E4%B9%9F%E8%83%BD%E5%81%9AGEO%E4%B8%93%E5%AE%B6/assets/005_geo-aivo-score_IeIfb25yLo.png,/article-assets/source-calibration/ch21/005.png,/article-assets/replacements/ch21/005.png,1080,702,png,awaiting-replacement,
ch21-006,/wb-x/第二篇 案例篇：从一项任务到一支 AI 团队/第 21 章 WorkBuddy也能做GEO专家/,6,第 21 章 WorkBuddy也能做GEO专家 — image 6,https://workbuddy.homes/bluebook/%E7%AC%AC%E4%BA%8C%E7%AF%87%20%E6%A1%88%E4%BE%8B%E7%AF%87%EF%BC%9A%E4%BB%8E%E4%B8%80%E9%A1%B9%E4%BB%BB%E5%8A%A1%E5%88%B0%E4%B8%80%E6%94%AF%20AI%20%E5%9B%A2%E9%98%9F/%E7%AC%AC%2021%20%E7%AB%A0%20WorkBuddy%E4%B9%9F%E8%83%BD%E5%81%9AGEO%E4%B8%93%E5%AE%B6/assets/006_geo-user-profile_D9E2bdtMfo.png,/article-assets/source-calibration/ch21/006.png,/article-assets/replacements/ch21/006.png,1080,764,png,awaiting-replacement,
ch21-007,/wb-x/第二篇 案例篇：从一项任务到一支 AI 团队/第 21 章 WorkBuddy也能做GEO专家/,7,第 21 章 WorkBuddy也能做GEO专家 — image 7,https://workbuddy.homes/bluebook/%E7%AC%AC%E4%BA%8C%E7%AF%87%20%E6%A1%88%E4%BE%8B%E7%AF%87%EF%BC%9A%E4%BB%8E%E4%B8%80%E9%A1%B9%E4%BB%BB%E5%8A%A1%E5%88%B0%E4%B8%80%E6%94%AF%20AI%20%E5%9B%A2%E9%98%9F/%E7%AC%AC%2021%20%E7%AB%A0%20WorkBuddy%E4%B9%9F%E8%83%BD%E5%81%9AGEO%E4%B8%93%E5%AE%B6/assets/007_geo-search-visibility_DlL8bB228o.png,/article-assets/source-calibration/ch21/007.png,/article-assets/replacements/ch21/007.png,1080,752,png,awaiting-replacement,
ch21-008,/wb-x/第二篇 案例篇：从一项任务到一支 AI 团队/第 21 章 WorkBuddy也能做GEO专家/,8,第 21 章 WorkBuddy也能做GEO专家 — image 8,https://workbuddy.homes/bluebook/%E7%AC%AC%E4%BA%8C%E7%AF%87%20%E6%A1%88%E4%BE%8B%E7%AF%87%EF%BC%9A%E4%BB%8E%E4%B8%80%E9%A1%B9%E4%BB%BB%E5%8A%A1%E5%88%B0%E4%B8%80%E6%94%AF%20AI%20%E5%9B%A2%E9%98%9F/%E7%AC%AC%2021%20%E7%AB%A0%20WorkBuddy%E4%B9%9F%E8%83%BD%E5%81%9AGEO%E4%B8%93%E5%AE%B6/assets/008_geo-infrastructure_EGT9bx2q1o.png,/article-assets/source-calibration/ch21/008.png,/article-assets/replacements/ch21/008.png,1080,648,png,awaiting-replacement,
ch21-009,/wb-x/第二篇 案例篇：从一项任务到一支 AI 团队/第 21 章 WorkBuddy也能做GEO专家/,9,第 21 章 WorkBuddy也能做GEO专家 — image 9,https://workbuddy.homes/bluebook/%E7%AC%AC%E4%BA%8C%E7%AF%87%20%E6%A1%88%E4%BE%8B%E7%AF%87%EF%BC%9A%E4%BB%8E%E4%B8%80%E9%A1%B9%E4%BB%BB%E5%8A%A1%E5%88%B0%E4%B8%80%E6%94%AF%20AI%20%E5%9B%A2%E9%98%9F/%E7%AC%AC%2021%20%E7%AB%A0%20WorkBuddy%E4%B9%9F%E8%83%BD%E5%81%9AGEO%E4%B8%93%E5%AE%B6/assets/009_geo-competitor-analysis_DXc8bIG86o.png,/article-assets/source-calibration/ch21/009.png,/article-assets/replacements/ch21/009.png,1080,741,png,awaiting-replacement,
ch21-010,/wb-x/第二篇 案例篇：从一项任务到一支 AI 团队/第 21 章 WorkBuddy也能做GEO专家/,10,第 21 章 WorkBuddy也能做GEO专家 — image 10,https://workbuddy.homes/bluebook/%E7%AC%AC%E4%BA%8C%E7%AF%87%20%E6%A1%88%E4%BE%8B%E7%AF%87%EF%BC%9A%E4%BB%8E%E4%B8%80%E9%A1%B9%E4%BB%BB%E5%8A%A1%E5%88%B0%E4%B8%80%E6%94%AF%20AI%20%E5%9B%A2%E9%98%9F/%E7%AC%AC%2021%20%E7%AB%A0%20WorkBuddy%E4%B9%9F%E8%83%BD%E5%81%9AGEO%E4%B8%93%E5%AE%B6/assets/010_geo-inclusion-effect_Wtr5bIQjXo.png,/article-assets/source-calibration/ch21/010.png,/article-assets/replacements/ch21/010.png,1080,581,png,awaiting-replacement,
ch21-011,/wb-x/第二篇 案例篇：从一项任务到一支 AI 团队/第 21 章 WorkBuddy也能做GEO专家/,11,第 21 章 WorkBuddy也能做GEO专家 — image 11,https://workbuddy.homes/bluebook/%E7%AC%AC%E4%BA%8C%E7%AF%87%20%E6%A1%88%E4%BE%8B%E7%AF%87%EF%BC%9A%E4%BB%8E%E4%B8%80%E9%A1%B9%E4%BB%BB%E5%8A%A1%E5%88%B0%E4%B8%80%E6%94%AF%20AI%20%E5%9B%A2%E9%98%9F/%E7%AC%AC%2021%20%E7%AB%A0%20WorkBuddy%E4%B9%9F%E8%83%BD%E5%81%9AGEO%E4%B8%93%E5%AE%B6/assets/011_geo-sentiment-analysis_PGplbNBQFo.png,/article-assets/source-calibration/ch21/011.png,/article-assets/replacements/ch21/011.png,1080,711,png,awaiting-replacement,
ch21-012,/wb-x/第二篇 案例篇：从一项任务到一支 AI 团队/第 21 章 WorkBuddy也能做GEO专家/,12,第 21 章 WorkBuddy也能做GEO专家 — image 12,https://workbuddy.homes/bluebook/%E7%AC%AC%E4%BA%8C%E7%AF%87%20%E6%A1%88%E4%BE%8B%E7%AF%87%EF%BC%9A%E4%BB%8E%E4%B8%80%E9%A1%B9%E4%BB%BB%E5%8A%A1%E5%88%B0%E4%B8%80%E6%94%AF%20AI%20%E5%9B%A2%E9%98%9F/%E7%AC%AC%2021%20%E7%AB%A0%20WorkBuddy%E4%B9%9F%E8%83%BD%E5%81%9AGEO%E4%B8%93%E5%AE%B6/assets/012_geo-personal-ip-score_ImWjbM8HSo.jpg,/article-assets/source-calibration/ch21/012.png,/article-assets/replacements/ch21/012.png,1080,641,png,awaiting-replacement,
ch21-013,/wb-x/第二篇 案例篇：从一项任务到一支 AI 团队/第 21 章 WorkBuddy也能做GEO专家/,13,第 21 章 WorkBuddy也能做GEO专家 — image 13,https://workbuddy.homes/bluebook/%E7%AC%AC%E4%BA%8C%E7%AF%87%20%E6%A1%88%E4%BE%8B%E7%AF%87%EF%BC%9A%E4%BB%8E%E4%B8%80%E9%A1%B9%E4%BB%BB%E5%8A%A1%E5%88%B0%E4%B8%80%E6%94%AF%20AI%20%E5%9B%A2%E9%98%9F/%E7%AC%AC%2021%20%E7%AB%A0%20WorkBuddy%E4%B9%9F%E8%83%BD%E5%81%9AGEO%E4%B8%93%E5%AE%B6/assets/013_geo-action-suggestions_MiImbUk7Io.png,/article-assets/source-calibration/ch21/013.png,/article-assets/replacements/ch21/013.png,1080,755,png,awaiting-replacement,
ch21-014,/wb-x/第二篇 案例篇：从一项任务到一支 AI 团队/第 21 章 WorkBuddy也能做GEO专家/,14,第 21 章 WorkBuddy也能做GEO专家 — image 14,https://workbuddy.homes/bluebook/%E7%AC%AC%E4%BA%8C%E7%AF%87%20%E6%A1%88%E4%BE%8B%E7%AF%87%EF%BC%9A%E4%BB%8E%E4%B8%80%E9%A1%B9%E4%BB%BB%E5%8A%A1%E5%88%B0%E4%B8%80%E6%94%AF%20AI%20%E5%9B%A2%E9%98%9F/%E7%AC%AC%2021%20%E7%AB%A0%20WorkBuddy%E4%B9%9F%E8%83%BD%E5%81%9AGEO%E4%B8%93%E5%AE%B6/assets/014_geo-roadmap_TlOTbehsFo.png,/article-assets/source-calibration/ch21/014.png,/article-assets/replacements/ch21/014.png,1080,772,png,awaiting-replacement,
ch22-001,/wb-x/第三篇 进阶篇：把案例变成自己的工作系统/第 22 章 打造skill：将书和视频蒸馏为可执行 Skill/,1,第 22 章 打造skill：将书和视频蒸馏为可执行 Skill — image 1,https://workbuddy.homes/bluebook/%E7%AC%AC%E4%B8%89%E7%AF%87%20%E8%BF%9B%E9%98%B6%E7%AF%87%EF%BC%9A%E6%8A%8A%E6%A1%88%E4%BE%8B%E5%8F%98%E6%88%90%E8%87%AA%E5%B7%B1%E7%9A%84%E5%B7%A5%E4%BD%9C%E7%B3%BB%E7%BB%9F/%E7%AC%AC%2022%20%E7%AB%A0%20%E6%89%93%E9%80%A0skill%EF%BC%9A%E5%B0%86%E4%B9%A6%E5%92%8C%E8%A7%86%E9%A2%91%E8%92%B8%E9%A6%8F%E4%B8%BA%E5%8F%AF%E6%89%A7%E8%A1%8C%20Skill/assets/001_image_WcJzb4b7Yo.png,/article-assets/source-calibration/ch22/001.png,/article-assets/replacements/ch22/001.png,2876,1036,png,awaiting-replacement,
ch22-002,/wb-x/第三篇 进阶篇：把案例变成自己的工作系统/第 22 章 打造skill：将书和视频蒸馏为可执行 Skill/,2,第 22 章 打造skill：将书和视频蒸馏为可执行 Skill — image 2,https://workbuddy.homes/bluebook/%E7%AC%AC%E4%B8%89%E7%AF%87%20%E8%BF%9B%E9%98%B6%E7%AF%87%EF%BC%9A%E6%8A%8A%E6%A1%88%E4%BE%8B%E5%8F%98%E6%88%90%E8%87%AA%E5%B7%B1%E7%9A%84%E5%B7%A5%E4%BD%9C%E7%B3%BB%E7%BB%9F/%E7%AC%AC%2022%20%E7%AB%A0%20%E6%89%93%E9%80%A0skill%EF%BC%9A%E5%B0%86%E4%B9%A6%E5%92%8C%E8%A7%86%E9%A2%91%E8%92%B8%E9%A6%8F%E4%B8%BA%E5%8F%AF%E6%89%A7%E8%A1%8C%20Skill/assets/002_image_M0YFbAywgo.png,/article-assets/source-calibration/ch22/002.png,/article-assets/replacements/ch22/002.png,2330,1706,png,awaiting-replacement,
ch22-003,/wb-x/第三篇 进阶篇：把案例变成自己的工作系统/第 22 章 打造skill：将书和视频蒸馏为可执行 Skill/,3,第 22 章 打造skill：将书和视频蒸馏为可执行 Skill — image 3,https://workbuddy.homes/bluebook/%E7%AC%AC%E4%B8%89%E7%AF%87%20%E8%BF%9B%E9%98%B6%E7%AF%87%EF%BC%9A%E6%8A%8A%E6%A1%88%E4%BE%8B%E5%8F%98%E6%88%90%E8%87%AA%E5%B7%B1%E7%9A%84%E5%B7%A5%E4%BD%9C%E7%B3%BB%E7%BB%9F/%E7%AC%AC%2022%20%E7%AB%A0%20%E6%89%93%E9%80%A0skill%EF%BC%9A%E5%B0%86%E4%B9%A6%E5%92%8C%E8%A7%86%E9%A2%91%E8%92%B8%E9%A6%8F%E4%B8%BA%E5%8F%AF%E6%89%A7%E8%A1%8C%20Skill/assets/003_image_N5i2bw6V5o.png,/article-assets/source-calibration/ch22/003.png,/article-assets/replacements/ch22/003.png,1754,1010,png,awaiting-replacement,
ch22-004,/wb-x/第三篇 进阶篇：把案例变成自己的工作系统/第 22 章 打造skill：将书和视频蒸馏为可执行 Skill/,4,第 22 章 打造skill：将书和视频蒸馏为可执行 Skill — image 4,https://workbuddy.homes/bluebook/%E7%AC%AC%E4%B8%89%E7%AF%87%20%E8%BF%9B%E9%98%B6%E7%AF%87%EF%BC%9A%E6%8A%8A%E6%A1%88%E4%BE%8B%E5%8F%98%E6%88%90%E8%87%AA%E5%B7%B1%E7%9A%84%E5%B7%A5%E4%BD%9C%E7%B3%BB%E7%BB%9F/%E7%AC%AC%2022%20%E7%AB%A0%20%E6%89%93%E9%80%A0skill%EF%BC%9A%E5%B0%86%E4%B9%A6%E5%92%8C%E8%A7%86%E9%A2%91%E8%92%B8%E9%A6%8F%E4%B8%BA%E5%8F%AF%E6%89%A7%E8%A1%8C%20Skill/assets/004_image_FiYybAIEQo.png,/article-assets/source-calibration/ch22/004.png,/article-assets/replacements/ch22/004.png,1080,458,png,awaiting-replacement,
ch22-005,/wb-x/第三篇 进阶篇：把案例变成自己的工作系统/第 22 章 打造skill：将书和视频蒸馏为可执行 Skill/,5,第 22 章 打造skill：将书和视频蒸馏为可执行 Skill — image 5,https://workbuddy.homes/bluebook/%E7%AC%AC%E4%B8%89%E7%AF%87%20%E8%BF%9B%E9%98%B6%E7%AF%87%EF%BC%9A%E6%8A%8A%E6%A1%88%E4%BE%8B%E5%8F%98%E6%88%90%E8%87%AA%E5%B7%B1%E7%9A%84%E5%B7%A5%E4%BD%9C%E7%B3%BB%E7%BB%9F/%E7%AC%AC%2022%20%E7%AB%A0%20%E6%89%93%E9%80%A0skill%EF%BC%9A%E5%B0%86%E4%B9%A6%E5%92%8C%E8%A7%86%E9%A2%91%E8%92%B8%E9%A6%8F%E4%B8%BA%E5%8F%AF%E6%89%A7%E8%A1%8C%20Skill/assets/005_image_NaOwbuAcQo.png,/article-assets/source-calibration/ch22/005.png,/article-assets/replacements/ch22/005.png,2012,1218,png,awaiting-replacement,
ch22-006,/wb-x/第三篇 进阶篇：把案例变成自己的工作系统/第 22 章 打造skill：将书和视频蒸馏为可执行 Skill/,6,第 22 章 打造skill：将书和视频蒸馏为可执行 Skill — image 6,https://workbuddy.homes/bluebook/%E7%AC%AC%E4%B8%89%E7%AF%87%20%E8%BF%9B%E9%98%B6%E7%AF%87%EF%BC%9A%E6%8A%8A%E6%A1%88%E4%BE%8B%E5%8F%98%E6%88%90%E8%87%AA%E5%B7%B1%E7%9A%84%E5%B7%A5%E4%BD%9C%E7%B3%BB%E7%BB%9F/%E7%AC%AC%2022%20%E7%AB%A0%20%E6%89%93%E9%80%A0skill%EF%BC%9A%E5%B0%86%E4%B9%A6%E5%92%8C%E8%A7%86%E9%A2%91%E8%92%B8%E9%A6%8F%E4%B8%BA%E5%8F%AF%E6%89%A7%E8%A1%8C%20Skill/assets/006_image_F5Ngb4vd5o.png,/article-assets/source-calibration/ch22/006.png,/article-assets/replacements/ch22/006.png,2268,1706,png,awaiting-replacement,
ch22-007,/wb-x/第三篇 进阶篇：把案例变成自己的工作系统/第 22 章 打造skill：将书和视频蒸馏为可执行 Skill/,7,第 22 章 打造skill：将书和视频蒸馏为可执行 Skill — image 7,https://workbuddy.homes/bluebook/%E7%AC%AC%E4%B8%89%E7%AF%87%20%E8%BF%9B%E9%98%B6%E7%AF%87%EF%BC%9A%E6%8A%8A%E6%A1%88%E4%BE%8B%E5%8F%98%E6%88%90%E8%87%AA%E5%B7%B1%E7%9A%84%E5%B7%A5%E4%BD%9C%E7%B3%BB%E7%BB%9F/%E7%AC%AC%2022%20%E7%AB%A0%20%E6%89%93%E9%80%A0skill%EF%BC%9A%E5%B0%86%E4%B9%A6%E5%92%8C%E8%A7%86%E9%A2%91%E8%92%B8%E9%A6%8F%E4%B8%BA%E5%8F%AF%E6%89%A7%E8%A1%8C%20Skill/assets/007_image_QMdJbhsm0o.png,/article-assets/source-calibration/ch22/007.png,/article-assets/replacements/ch22/007.png,1984,1190,png,awaiting-replacement,
ch22-008,/wb-x/第三篇 进阶篇：把案例变成自己的工作系统/第 22 章 打造skill：将书和视频蒸馏为可执行 Skill/,8,第 22 章 打造skill：将书和视频蒸馏为可执行 Skill — image 8,https://workbuddy.homes/bluebook/%E7%AC%AC%E4%B8%89%E7%AF%87%20%E8%BF%9B%E9%98%B6%E7%AF%87%EF%BC%9A%E6%8A%8A%E6%A1%88%E4%BE%8B%E5%8F%98%E6%88%90%E8%87%AA%E5%B7%B1%E7%9A%84%E5%B7%A5%E4%BD%9C%E7%B3%BB%E7%BB%9F/%E7%AC%AC%2022%20%E7%AB%A0%20%E6%89%93%E9%80%A0skill%EF%BC%9A%E5%B0%86%E4%B9%A6%E5%92%8C%E8%A7%86%E9%A2%91%E8%92%B8%E9%A6%8F%E4%B8%BA%E5%8F%AF%E6%89%A7%E8%A1%8C%20Skill/assets/008_image_D7z7b4DWvo.png,/article-assets/source-calibration/ch22/008.png,/article-assets/replacements/ch22/008.png,2186,1718,png,awaiting-replacement,
ch22-009,/wb-x/第三篇 进阶篇：把案例变成自己的工作系统/第 22 章 打造skill：将书和视频蒸馏为可执行 Skill/,9,第 22 章 打造skill：将书和视频蒸馏为可执行 Skill — image 9,https://workbuddy.homes/bluebook/%E7%AC%AC%E4%B8%89%E7%AF%87%20%E8%BF%9B%E9%98%B6%E7%AF%87%EF%BC%9A%E6%8A%8A%E6%A1%88%E4%BE%8B%E5%8F%98%E6%88%90%E8%87%AA%E5%B7%B1%E7%9A%84%E5%B7%A5%E4%BD%9C%E7%B3%BB%E7%BB%9F/%E7%AC%AC%2022%20%E7%AB%A0%20%E6%89%93%E9%80%A0skill%EF%BC%9A%E5%B0%86%E4%B9%A6%E5%92%8C%E8%A7%86%E9%A2%91%E8%92%B8%E9%A6%8F%E4%B8%BA%E5%8F%AF%E6%89%A7%E8%A1%8C%20Skill/assets/009_image_XXrkbXOymo.png,/article-assets/source-calibration/ch22/009.png,/article-assets/replacements/ch22/009.png,1758,722,png,awaiting-replacement,
ch22-010,/wb-x/第三篇 进阶篇：把案例变成自己的工作系统/第 22 章 打造skill：将书和视频蒸馏为可执行 Skill/,10,第 22 章 打造skill：将书和视频蒸馏为可执行 Skill — image 10,https://workbuddy.homes/bluebook/%E7%AC%AC%E4%B8%89%E7%AF%87%20%E8%BF%9B%E9%98%B6%E7%AF%87%EF%BC%9A%E6%8A%8A%E6%A1%88%E4%BE%8B%E5%8F%98%E6%88%90%E8%87%AA%E5%B7%B1%E7%9A%84%E5%B7%A5%E4%BD%9C%E7%B3%BB%E7%BB%9F/%E7%AC%AC%2022%20%E7%AB%A0%20%E6%89%93%E9%80%A0skill%EF%BC%9A%E5%B0%86%E4%B9%A6%E5%92%8C%E8%A7%86%E9%A2%91%E8%92%B8%E9%A6%8F%E4%B8%BA%E5%8F%AF%E6%89%A7%E8%A1%8C%20Skill/assets/010_image_BXYeb8ld7o.png,/article-assets/source-calibration/ch22/010.png,/article-assets/replacements/ch22/010.png,1838,1234,png,awaiting-replacement,
ch22-011,/wb-x/第三篇 进阶篇：把案例变成自己的工作系统/第 22 章 打造skill：将书和视频蒸馏为可执行 Skill/,11,第 22 章 打造skill：将书和视频蒸馏为可执行 Skill — image 11,https://workbuddy.homes/bluebook/%E7%AC%AC%E4%B8%89%E7%AF%87%20%E8%BF%9B%E9%98%B6%E7%AF%87%EF%BC%9A%E6%8A%8A%E6%A1%88%E4%BE%8B%E5%8F%98%E6%88%90%E8%87%AA%E5%B7%B1%E7%9A%84%E5%B7%A5%E4%BD%9C%E7%B3%BB%E7%BB%9F/%E7%AC%AC%2022%20%E7%AB%A0%20%E6%89%93%E9%80%A0skill%EF%BC%9A%E5%B0%86%E4%B9%A6%E5%92%8C%E8%A7%86%E9%A2%91%E8%92%B8%E9%A6%8F%E4%B8%BA%E5%8F%AF%E6%89%A7%E8%A1%8C%20Skill/assets/011_image_NwvvbJkuco.png,/article-assets/source-calibration/ch22/011.png,/article-assets/replacements/ch22/011.png,2150,1190,png,awaiting-replacement,
ch22-012,/wb-x/第三篇 进阶篇：把案例变成自己的工作系统/第 22 章 打造skill：将书和视频蒸馏为可执行 Skill/,12,第 22 章 打造skill：将书和视频蒸馏为可执行 Skill — image 12,https://workbuddy.homes/bluebook/%E7%AC%AC%E4%B8%89%E7%AF%87%20%E8%BF%9B%E9%98%B6%E7%AF%87%EF%BC%9A%E6%8A%8A%E6%A1%88%E4%BE%8B%E5%8F%98%E6%88%90%E8%87%AA%E5%B7%B1%E7%9A%84%E5%B7%A5%E4%BD%9C%E7%B3%BB%E7%BB%9F/%E7%AC%AC%2022%20%E7%AB%A0%20%E6%89%93%E9%80%A0skill%EF%BC%9A%E5%B0%86%E4%B9%A6%E5%92%8C%E8%A7%86%E9%A2%91%E8%92%B8%E9%A6%8F%E4%B8%BA%E5%8F%AF%E6%89%A7%E8%A1%8C%20Skill/assets/012_image_LEKGbkn2Go.png,/article-assets/source-calibration/ch22/012.png,/article-assets/replacements/ch22/012.png,1406,998,png,awaiting-replacement,
ch22-013,/wb-x/第三篇 进阶篇：把案例变成自己的工作系统/第 22 章 打造skill：将书和视频蒸馏为可执行 Skill/,13,第 22 章 打造skill：将书和视频蒸馏为可执行 Skill — image 13,https://workbuddy.homes/bluebook/%E7%AC%AC%E4%B8%89%E7%AF%87%20%E8%BF%9B%E9%98%B6%E7%AF%87%EF%BC%9A%E6%8A%8A%E6%A1%88%E4%BE%8B%E5%8F%98%E6%88%90%E8%87%AA%E5%B7%B1%E7%9A%84%E5%B7%A5%E4%BD%9C%E7%B3%BB%E7%BB%9F/%E7%AC%AC%2022%20%E7%AB%A0%20%E6%89%93%E9%80%A0skill%EF%BC%9A%E5%B0%86%E4%B9%A6%E5%92%8C%E8%A7%86%E9%A2%91%E8%92%B8%E9%A6%8F%E4%B8%BA%E5%8F%AF%E6%89%A7%E8%A1%8C%20Skill/assets/013_image_Mp0ZbEmn7o.png,/article-assets/source-calibration/ch22/013.png,/article-assets/replacements/ch22/013.png,2274,1744,png,awaiting-replacement,
ch22-014,/wb-x/第三篇 进阶篇：把案例变成自己的工作系统/第 22 章 打造skill：将书和视频蒸馏为可执行 Skill/,14,第 22 章 打造skill：将书和视频蒸馏为可执行 Skill — image 14,https://workbuddy.homes/bluebook/%E7%AC%AC%E4%B8%89%E7%AF%87%20%E8%BF%9B%E9%98%B6%E7%AF%87%EF%BC%9A%E6%8A%8A%E6%A1%88%E4%BE%8B%E5%8F%98%E6%88%90%E8%87%AA%E5%B7%B1%E7%9A%84%E5%B7%A5%E4%BD%9C%E7%B3%BB%E7%BB%9F/%E7%AC%AC%2022%20%E7%AB%A0%20%E6%89%93%E9%80%A0skill%EF%BC%9A%E5%B0%86%E4%B9%A6%E5%92%8C%E8%A7%86%E9%A2%91%E8%92%B8%E9%A6%8F%E4%B8%BA%E5%8F%AF%E6%89%A7%E8%A1%8C%20Skill/assets/014_image_C1aCbJYz3o.png,/article-assets/source-calibration/ch22/014.png,/article-assets/replacements/ch22/014.png,1672,1342,png,awaiting-replacement,
ch22-015,/wb-x/第三篇 进阶篇：把案例变成自己的工作系统/第 22 章 打造skill：将书和视频蒸馏为可执行 Skill/,15,第 22 章 打造skill：将书和视频蒸馏为可执行 Skill — image 15,https://workbuddy.homes/bluebook/%E7%AC%AC%E4%B8%89%E7%AF%87%20%E8%BF%9B%E9%98%B6%E7%AF%87%EF%BC%9A%E6%8A%8A%E6%A1%88%E4%BE%8B%E5%8F%98%E6%88%90%E8%87%AA%E5%B7%B1%E7%9A%84%E5%B7%A5%E4%BD%9C%E7%B3%BB%E7%BB%9F/%E7%AC%AC%2022%20%E7%AB%A0%20%E6%89%93%E9%80%A0skill%EF%BC%9A%E5%B0%86%E4%B9%A6%E5%92%8C%E8%A7%86%E9%A2%91%E8%92%B8%E9%A6%8F%E4%B8%BA%E5%8F%AF%E6%89%A7%E8%A1%8C%20Skill/assets/015_image_MG56bW6jlo.png,/article-assets/source-calibration/ch22/015.png,/article-assets/replacements/ch22/015.png,1080,578,png,awaiting-replacement,
ch22-016,/wb-x/第三篇 进阶篇：把案例变成自己的工作系统/第 22 章 打造skill：将书和视频蒸馏为可执行 Skill/,16,第 22 章 打造skill：将书和视频蒸馏为可执行 Skill — image 16,https://workbuddy.homes/bluebook/%E7%AC%AC%E4%B8%89%E7%AF%87%20%E8%BF%9B%E9%98%B6%E7%AF%87%EF%BC%9A%E6%8A%8A%E6%A1%88%E4%BE%8B%E5%8F%98%E6%88%90%E8%87%AA%E5%B7%B1%E7%9A%84%E5%B7%A5%E4%BD%9C%E7%B3%BB%E7%BB%9F/%E7%AC%AC%2022%20%E7%AB%A0%20%E6%89%93%E9%80%A0skill%EF%BC%9A%E5%B0%86%E4%B9%A6%E5%92%8C%E8%A7%86%E9%A2%91%E8%92%B8%E9%A6%8F%E4%B8%BA%E5%8F%AF%E6%89%A7%E8%A1%8C%20Skill/assets/016_image_HoW7bnRYFo.png,/article-assets/source-calibration/ch22/016.png,/article-assets/replacements/ch22/016.png,1080,987,png,awaiting-replacement,
ch23-001,/wb-x/第三篇 进阶篇：把案例变成自己的工作系统/第 23 章 其他用法补充：WorkBuddy 实操案例集/,1,第 23 章 其他用法补充：WorkBuddy 实操案例集 — image 1,https://workbuddy.homes/bluebook/%E7%AC%AC%E4%B8%89%E7%AF%87%20%E8%BF%9B%E9%98%B6%E7%AF%87%EF%BC%9A%E6%8A%8A%E6%A1%88%E4%BE%8B%E5%8F%98%E6%88%90%E8%87%AA%E5%B7%B1%E7%9A%84%E5%B7%A5%E4%BD%9C%E7%B3%BB%E7%BB%9F/%E7%AC%AC%2023%20%E7%AB%A0%20%E5%85%B6%E4%BB%96%E7%94%A8%E6%B3%95%E8%A1%A5%E5%85%85%EF%BC%9AWorkBuddy%20%E5%AE%9E%E6%93%8D%E6%A1%88%E4%BE%8B%E9%9B%86/assets/001_01_app_templates_To5yb29RMo.gif,/article-assets/source-calibration/ch23/001.gif,/article-assets/replacements/ch23/001.gif,1466,820,gif,awaiting-replacement,
ch23-002,/wb-x/第三篇 进阶篇：把案例变成自己的工作系统/第 23 章 其他用法补充：WorkBuddy 实操案例集/,2,第 23 章 其他用法补充：WorkBuddy 实操案例集 — image 2,https://workbuddy.homes/bluebook/%E7%AC%AC%E4%B8%89%E7%AF%87%20%E8%BF%9B%E9%98%B6%E7%AF%87%EF%BC%9A%E6%8A%8A%E6%A1%88%E4%BE%8B%E5%8F%98%E6%88%90%E8%87%AA%E5%B7%B1%E7%9A%84%E5%B7%A5%E4%BD%9C%E7%B3%BB%E7%BB%9F/%E7%AC%AC%2023%20%E7%AB%A0%20%E5%85%B6%E4%BB%96%E7%94%A8%E6%B3%95%E8%A1%A5%E5%85%85%EF%BC%9AWorkBuddy%20%E5%AE%9E%E6%93%8D%E6%A1%88%E4%BE%8B%E9%9B%86/assets/002_image_F4BfbagcFo.png,/article-assets/source-calibration/ch23/002.png,/article-assets/replacements/ch23/002.png,2078,1510,png,awaiting-replacement,
ch23-003,/wb-x/第三篇 进阶篇：把案例变成自己的工作系统/第 23 章 其他用法补充：WorkBuddy 实操案例集/,3,第 23 章 其他用法补充：WorkBuddy 实操案例集 — image 3,https://workbuddy.homes/bluebook/%E7%AC%AC%E4%B8%89%E7%AF%87%20%E8%BF%9B%E9%98%B6%E7%AF%87%EF%BC%9A%E6%8A%8A%E6%A1%88%E4%BE%8B%E5%8F%98%E6%88%90%E8%87%AA%E5%B7%B1%E7%9A%84%E5%B7%A5%E4%BD%9C%E7%B3%BB%E7%BB%9F/%E7%AC%AC%2023%20%E7%AB%A0%20%E5%85%B6%E4%BB%96%E7%94%A8%E6%B3%95%E8%A1%A5%E5%85%85%EF%BC%9AWorkBuddy%20%E5%AE%9E%E6%93%8D%E6%A1%88%E4%BE%8B%E9%9B%86/assets/004_03_website_design_WX9gb8dBMo.gif,/article-assets/source-calibration/ch23/003.gif,/article-assets/replacements/ch23/003.gif,1916,1082,gif,awaiting-replacement,
ch23-004,/wb-x/第三篇 进阶篇：把案例变成自己的工作系统/第 23 章 其他用法补充：WorkBuddy 实操案例集/,4,第 23 章 其他用法补充：WorkBuddy 实操案例集 — image 4,https://workbuddy.homes/bluebook/%E7%AC%AC%E4%B8%89%E7%AF%87%20%E8%BF%9B%E9%98%B6%E7%AF%87%EF%BC%9A%E6%8A%8A%E6%A1%88%E4%BE%8B%E5%8F%98%E6%88%90%E8%87%AA%E5%B7%B1%E7%9A%84%E5%B7%A5%E4%BD%9C%E7%B3%BB%E7%BB%9F/%E7%AC%AC%2023%20%E7%AB%A0%20%E5%85%B6%E4%BB%96%E7%94%A8%E6%B3%95%E8%A1%A5%E5%85%85%EF%BC%9AWorkBuddy%20%E5%AE%9E%E6%93%8D%E6%A1%88%E4%BE%8B%E9%9B%86/assets/005_04_skill_music_GxX3brlGeo.png,/article-assets/source-calibration/ch23/004.png,/article-assets/replacements/ch23/004.png,1673,1374,png,awaiting-replacement,
ch24-001,/wb-x/第三篇 进阶篇：把案例变成自己的工作系统/第 24 章 如何进行多 Agent 系统设计/,1,第 24 章 如何进行多 Agent 系统设计 — image 1,https://workbuddy.homes/bluebook/%E7%AC%AC%E4%B8%89%E7%AF%87%20%E8%BF%9B%E9%98%B6%E7%AF%87%EF%BC%9A%E6%8A%8A%E6%A1%88%E4%BE%8B%E5%8F%98%E6%88%90%E8%87%AA%E5%B7%B1%E7%9A%84%E5%B7%A5%E4%BD%9C%E7%B3%BB%E7%BB%9F/%E7%AC%AC%2024%20%E7%AB%A0%20%E5%A6%82%E4%BD%95%E8%BF%9B%E8%A1%8C%E5%A4%9A%20Agent%20%E7%B3%BB%E7%BB%9F%E8%AE%BE%E8%AE%A1/assets/001_image_AkBibtRBOo.png,/article-assets/source-calibration/ch24/001.png,/article-assets/replacements/ch24/001.png,764,444,png,awaiting-replacement,
ch24-002,/wb-x/第三篇 进阶篇：把案例变成自己的工作系统/第 24 章 如何进行多 Agent 系统设计/,2,第 24 章 如何进行多 Agent 系统设计 — image 2,https://workbuddy.homes/bluebook/%E7%AC%AC%E4%B8%89%E7%AF%87%20%E8%BF%9B%E9%98%B6%E7%AF%87%EF%BC%9A%E6%8A%8A%E6%A1%88%E4%BE%8B%E5%8F%98%E6%88%90%E8%87%AA%E5%B7%B1%E7%9A%84%E5%B7%A5%E4%BD%9C%E7%B3%BB%E7%BB%9F/%E7%AC%AC%2024%20%E7%AB%A0%20%E5%A6%82%E4%BD%95%E8%BF%9B%E8%A1%8C%E5%A4%9A%20Agent%20%E7%B3%BB%E7%BB%9F%E8%AE%BE%E8%AE%A1/assets/002_image_WdfWbMN9Do.png,/article-assets/source-calibration/ch24/002.png,/article-assets/replacements/ch24/002.png,1780,1682,png,awaiting-replacement,
ch24-003,/wb-x/第三篇 进阶篇：把案例变成自己的工作系统/第 24 章 如何进行多 Agent 系统设计/,3,第 24 章 如何进行多 Agent 系统设计 — image 3,https://workbuddy.homes/bluebook/%E7%AC%AC%E4%B8%89%E7%AF%87%20%E8%BF%9B%E9%98%B6%E7%AF%87%EF%BC%9A%E6%8A%8A%E6%A1%88%E4%BE%8B%E5%8F%98%E6%88%90%E8%87%AA%E5%B7%B1%E7%9A%84%E5%B7%A5%E4%BD%9C%E7%B3%BB%E7%BB%9F/%E7%AC%AC%2024%20%E7%AB%A0%20%E5%A6%82%E4%BD%95%E8%BF%9B%E8%A1%8C%E5%A4%9A%20Agent%20%E7%B3%BB%E7%BB%9F%E8%AE%BE%E8%AE%A1/assets/003_image_NhwLbBH33o.png,/article-assets/source-calibration/ch24/003.png,/article-assets/replacements/ch24/003.png,2874,1170,png,awaiting-replacement,
ch24-004,/wb-x/第三篇 进阶篇：把案例变成自己的工作系统/第 24 章 如何进行多 Agent 系统设计/,4,第 24 章 如何进行多 Agent 系统设计 — image 4,https://workbuddy.homes/bluebook/%E7%AC%AC%E4%B8%89%E7%AF%87%20%E8%BF%9B%E9%98%B6%E7%AF%87%EF%BC%9A%E6%8A%8A%E6%A1%88%E4%BE%8B%E5%8F%98%E6%88%90%E8%87%AA%E5%B7%B1%E7%9A%84%E5%B7%A5%E4%BD%9C%E7%B3%BB%E7%BB%9F/%E7%AC%AC%2024%20%E7%AB%A0%20%E5%A6%82%E4%BD%95%E8%BF%9B%E8%A1%8C%E5%A4%9A%20Agent%20%E7%B3%BB%E7%BB%9F%E8%AE%BE%E8%AE%A1/assets/004_image_MdzDbUKmlo.png,/article-assets/source-calibration/ch24/004.png,/article-assets/replacements/ch24/004.png,1080,900,png,awaiting-replacement,
ch24-005,/wb-x/第三篇 进阶篇：把案例变成自己的工作系统/第 24 章 如何进行多 Agent 系统设计/,5,第 24 章 如何进行多 Agent 系统设计 — image 5,https://workbuddy.homes/bluebook/%E7%AC%AC%E4%B8%89%E7%AF%87%20%E8%BF%9B%E9%98%B6%E7%AF%87%EF%BC%9A%E6%8A%8A%E6%A1%88%E4%BE%8B%E5%8F%98%E6%88%90%E8%87%AA%E5%B7%B1%E7%9A%84%E5%B7%A5%E4%BD%9C%E7%B3%BB%E7%BB%9F/%E7%AC%AC%2024%20%E7%AB%A0%20%E5%A6%82%E4%BD%95%E8%BF%9B%E8%A1%8C%E5%A4%9A%20Agent%20%E7%B3%BB%E7%BB%9F%E8%AE%BE%E8%AE%A1/assets/005_image_QASabZlKzo.png,/article-assets/source-calibration/ch24/005.png,/article-assets/replacements/ch24/005.png,1080,876,png,awaiting-replacement,
ch24-006,/wb-x/第三篇 进阶篇：把案例变成自己的工作系统/第 24 章 如何进行多 Agent 系统设计/,6,第 24 章 如何进行多 Agent 系统设计 — image 6,https://workbuddy.homes/bluebook/%E7%AC%AC%E4%B8%89%E7%AF%87%20%E8%BF%9B%E9%98%B6%E7%AF%87%EF%BC%9A%E6%8A%8A%E6%A1%88%E4%BE%8B%E5%8F%98%E6%88%90%E8%87%AA%E5%B7%B1%E7%9A%84%E5%B7%A5%E4%BD%9C%E7%B3%BB%E7%BB%9F/%E7%AC%AC%2024%20%E7%AB%A0%20%E5%A6%82%E4%BD%95%E8%BF%9B%E8%A1%8C%E5%A4%9A%20Agent%20%E7%B3%BB%E7%BB%9F%E8%AE%BE%E8%AE%A1/assets/007_image_BNYQbIE2no.png,/article-assets/source-calibration/ch24/006.png,/article-assets/replacements/ch24/006.png,2872,652,png,awaiting-replacement,
ch24-007,/wb-x/第三篇 进阶篇：把案例变成自己的工作系统/第 24 章 如何进行多 Agent 系统设计/,7,第 24 章 如何进行多 Agent 系统设计 — image 7,https://workbuddy.homes/bluebook/%E7%AC%AC%E4%B8%89%E7%AF%87%20%E8%BF%9B%E9%98%B6%E7%AF%87%EF%BC%9A%E6%8A%8A%E6%A1%88%E4%BE%8B%E5%8F%98%E6%88%90%E8%87%AA%E5%B7%B1%E7%9A%84%E5%B7%A5%E4%BD%9C%E7%B3%BB%E7%BB%9F/%E7%AC%AC%2024%20%E7%AB%A0%20%E5%A6%82%E4%BD%95%E8%BF%9B%E8%A1%8C%E5%A4%9A%20Agent%20%E7%B3%BB%E7%BB%9F%E8%AE%BE%E8%AE%A1/assets/008_image_KXwlbyY7Oo.png,/article-assets/source-calibration/ch24/007.png,/article-assets/replacements/ch24/007.png,1768,1022,png,awaiting-replacement,
ch24-008,/wb-x/第三篇 进阶篇：把案例变成自己的工作系统/第 24 章 如何进行多 Agent 系统设计/,8,第 24 章 如何进行多 Agent 系统设计 — image 8,https://workbuddy.homes/bluebook/%E7%AC%AC%E4%B8%89%E7%AF%87%20%E8%BF%9B%E9%98%B6%E7%AF%87%EF%BC%9A%E6%8A%8A%E6%A1%88%E4%BE%8B%E5%8F%98%E6%88%90%E8%87%AA%E5%B7%B1%E7%9A%84%E5%B7%A5%E4%BD%9C%E7%B3%BB%E7%BB%9F/%E7%AC%AC%2024%20%E7%AB%A0%20%E5%A6%82%E4%BD%95%E8%BF%9B%E8%A1%8C%E5%A4%9A%20Agent%20%E7%B3%BB%E7%BB%9F%E8%AE%BE%E8%AE%A1/assets/009_image_HDlMbAHGTo.png,/article-assets/source-calibration/ch24/008.png,/article-assets/replacements/ch24/008.png,2332,1546,png,awaiting-replacement,
ch25-001,/wb-x/第三篇 进阶篇：把案例变成自己的工作系统/第 25 章 自动化工作流的可靠性/,1,第 25 章 自动化工作流的可靠性 — image 1,https://workbuddy.homes/bluebook/%E7%AC%AC%E4%B8%89%E7%AF%87%20%E8%BF%9B%E9%98%B6%E7%AF%87%EF%BC%9A%E6%8A%8A%E6%A1%88%E4%BE%8B%E5%8F%98%E6%88%90%E8%87%AA%E5%B7%B1%E7%9A%84%E5%B7%A5%E4%BD%9C%E7%B3%BB%E7%BB%9F/%E7%AC%AC%2025%20%E7%AB%A0%20%E8%87%AA%E5%8A%A8%E5%8C%96%E5%B7%A5%E4%BD%9C%E6%B5%81%E7%9A%84%E5%8F%AF%E9%9D%A0%E6%80%A7/assets/001_image_FGBhb1udco.png,/article-assets/source-calibration/ch25/001.png,/article-assets/replacements/ch25/001.png,1864,1084,png,awaiting-replacement,
ch25-002,/wb-x/第三篇 进阶篇：把案例变成自己的工作系统/第 25 章 自动化工作流的可靠性/,2,第 25 章 自动化工作流的可靠性 — image 2,https://workbuddy.homes/bluebook/%E7%AC%AC%E4%B8%89%E7%AF%87%20%E8%BF%9B%E9%98%B6%E7%AF%87%EF%BC%9A%E6%8A%8A%E6%A1%88%E4%BE%8B%E5%8F%98%E6%88%90%E8%87%AA%E5%B7%B1%E7%9A%84%E5%B7%A5%E4%BD%9C%E7%B3%BB%E7%BB%9F/%E7%AC%AC%2025%20%E7%AB%A0%20%E8%87%AA%E5%8A%A8%E5%8C%96%E5%B7%A5%E4%BD%9C%E6%B5%81%E7%9A%84%E5%8F%AF%E9%9D%A0%E6%80%A7/assets/002_image_Yuucbmf9So.png,/article-assets/source-calibration/ch25/002.png,/article-assets/replacements/ch25/002.png,2320,1636,png,awaiting-replacement,
ch25-003,/wb-x/第三篇 进阶篇：把案例变成自己的工作系统/第 25 章 自动化工作流的可靠性/,3,第 25 章 自动化工作流的可靠性 — image 3,https://workbuddy.homes/bluebook/%E7%AC%AC%E4%B8%89%E7%AF%87%20%E8%BF%9B%E9%98%B6%E7%AF%87%EF%BC%9A%E6%8A%8A%E6%A1%88%E4%BE%8B%E5%8F%98%E6%88%90%E8%87%AA%E5%B7%B1%E7%9A%84%E5%B7%A5%E4%BD%9C%E7%B3%BB%E7%BB%9F/%E7%AC%AC%2025%20%E7%AB%A0%20%E8%87%AA%E5%8A%A8%E5%8C%96%E5%B7%A5%E4%BD%9C%E6%B5%81%E7%9A%84%E5%8F%AF%E9%9D%A0%E6%80%A7/assets/003_image_RNrFb50Tqo.png,/article-assets/source-calibration/ch25/003.png,/article-assets/replacements/ch25/003.png,1172,916,png,awaiting-replacement,
ch25-004,/wb-x/第三篇 进阶篇：把案例变成自己的工作系统/第 25 章 自动化工作流的可靠性/,4,第 25 章 自动化工作流的可靠性 — image 4,https://workbuddy.homes/bluebook/%E7%AC%AC%E4%B8%89%E7%AF%87%20%E8%BF%9B%E9%98%B6%E7%AF%87%EF%BC%9A%E6%8A%8A%E6%A1%88%E4%BE%8B%E5%8F%98%E6%88%90%E8%87%AA%E5%B7%B1%E7%9A%84%E5%B7%A5%E4%BD%9C%E7%B3%BB%E7%BB%9F/%E7%AC%AC%2025%20%E7%AB%A0%20%E8%87%AA%E5%8A%A8%E5%8C%96%E5%B7%A5%E4%BD%9C%E6%B5%81%E7%9A%84%E5%8F%AF%E9%9D%A0%E6%80%A7/assets/004_image_IPtlb5D3Zo.png,/article-assets/source-calibration/ch25/004.png,/article-assets/replacements/ch25/004.png,1762,1078,png,awaiting-replacement,
ch25-005,/wb-x/第三篇 进阶篇：把案例变成自己的工作系统/第 25 章 自动化工作流的可靠性/,5,第 25 章 自动化工作流的可靠性 — image 5,https://workbuddy.homes/bluebook/%E7%AC%AC%E4%B8%89%E7%AF%87%20%E8%BF%9B%E9%98%B6%E7%AF%87%EF%BC%9A%E6%8A%8A%E6%A1%88%E4%BE%8B%E5%8F%98%E6%88%90%E8%87%AA%E5%B7%B1%E7%9A%84%E5%B7%A5%E4%BD%9C%E7%B3%BB%E7%BB%9F/%E7%AC%AC%2025%20%E7%AB%A0%20%E8%87%AA%E5%8A%A8%E5%8C%96%E5%B7%A5%E4%BD%9C%E6%B5%81%E7%9A%84%E5%8F%AF%E9%9D%A0%E6%80%A7/assets/005_image_A6Jmbe0tao.png,/article-assets/source-calibration/ch25/005.png,/article-assets/replacements/ch25/005.png,2330,1764,png,awaiting-replacement,
case-index-001,/cases/,1,刘聪NLP 微信二维码，添加时备注 workbuddy共创,https://workbuddy.homes/cases/workbuddy-co-create-wechat.png,/article-assets/source-calibration/case-index/001.jpg,/article-assets/replacements/case-index/001.jpg,828,1224,jpg,awaiting-replacement,
case-annual-report-digital-transformation-001,/cases/submissions/annual-report-digital-transformation/,1,案例封面：数字化转型叙事分析报告首页,https://workbuddy.homes/cases/submissions/annual-report-digital-transformation/assets/cover.png,/article-assets/source-calibration/case-annual-report-digital-transformation/001.png,/article-assets/replacements/case-annual-report-digital-transformation/001.png,1600,1291,png,awaiting-replacement,
case-annual-report-digital-transformation-002,/cases/submissions/annual-report-digital-transformation/,2,在 WorkBuddy 首页输入任务指令并选中「智数分析专家团」,https://workbuddy.homes/cases/submissions/annual-report-digital-transformation/assets/primary-input.png,/article-assets/source-calibration/case-annual-report-digital-transformation/002.png,/article-assets/replacements/case-annual-report-digital-transformation/002.png,1600,1039,png,awaiting-replacement,
case-annual-report-digital-transformation-003,/cases/submissions/annual-report-digital-transformation/,3,专家团创建协作团队并生成任务清单,https://workbuddy.homes/cases/submissions/annual-report-digital-transformation/assets/agent-swarm-todo.png,/article-assets/source-calibration/case-annual-report-digital-transformation/003.png,/article-assets/replacements/case-annual-report-digital-transformation/003.png,1600,1216,png,awaiting-replacement,
case-annual-report-digital-transformation-004,/cases/submissions/annual-report-digital-transformation/,4,专家团成员分工执行，实时汇报各阶段关键发现,https://workbuddy.homes/cases/submissions/annual-report-digital-transformation/assets/start-agents-swarm.png,/article-assets/source-calibration/case-annual-report-digital-transformation/004.png,/article-assets/replacements/case-annual-report-digital-transformation/004.png,1600,1783,png,awaiting-replacement,
case-annual-report-digital-transformation-005,/cases/submissions/annual-report-digital-transformation/,5,执行产出的目录结构：年报原文、可复现脚本、中间数据与最终报告,https://workbuddy.homes/cases/submissions/annual-report-digital-transformation/assets/source-files.png,/article-assets/source-calibration/case-annual-report-digital-transformation/005.png,/article-assets/replacements/case-annual-report-digital-transformation/005.png,1600,1330,png,awaiting-replacement,
case-annual-report-digital-transformation-006,/cases/submissions/annual-report-digital-transformation/,6,报告核心问题分析：理论依据 + 实证数据 + 词频热力图,https://workbuddy.homes/cases/submissions/annual-report-digital-transformation/assets/report-charts.png,/article-assets/source-calibration/case-annual-report-digital-transformation/006.png,/article-assets/replacements/case-annual-report-digital-transformation/006.png,1600,1398,png,awaiting-replacement,
case-annual-report-digital-transformation-007,/cases/submissions/annual-report-digital-transformation/,7,数字化成熟度评估：双维评分卡与五维雷达图,https://workbuddy.homes/cases/submissions/annual-report-digital-transformation/assets/report-framework.png,/article-assets/source-calibration/case-annual-report-digital-transformation/007.png,/article-assets/replacements/case-annual-report-digital-transformation/007.png,1600,1304,png,awaiting-replacement,
case-annual-report-digital-transformation-008,/cases/submissions/annual-report-digital-transformation/,8,报告附录：缩略语表,https://workbuddy.homes/cases/submissions/annual-report-digital-transformation/assets/report-conclusion.png,/article-assets/source-calibration/case-annual-report-digital-transformation/008.png,/article-assets/replacements/case-annual-report-digital-transformation/008.png,1600,1339,png,awaiting-replacement,
case-annual-report-digital-transformation-009,/cases/submissions/annual-report-digital-transformation/,9,WorkBuddy 中的交付总结：交付物清单、报告结构与亮点发现,https://workbuddy.homes/cases/submissions/annual-report-digital-transformation/assets/workbuddy-result.png,/article-assets/source-calibration/case-annual-report-digital-transformation/009.png,/article-assets/replacements/case-annual-report-digital-transformation/009.png,1600,1036,png,awaiting-replacement,
case-daily-ai-news-001,/cases/submissions/daily-ai-news/,1,WorkBuddy 获取 AIHot Skill 并执行安全检查,https://workbuddy.homes/cases/submissions/daily-ai-news/assets/aihot-install.png,/article-assets/source-calibration/case-daily-ai-news/001.png,/article-assets/replacements/case-daily-ai-news/001.png,2132,746,png,awaiting-replacement,
case-daily-ai-news-002,/cases/submissions/daily-ai-news/,2,AIHot 查询最近 7 天 OpenAI 动态的结果,https://workbuddy.homes/cases/submissions/daily-ai-news/assets/aihot-openai-result.png,/article-assets/source-calibration/case-daily-ai-news/002.png,/article-assets/replacements/case-daily-ai-news/002.png,2152,1462,png,awaiting-replacement,
case-daily-ai-news-003,/cases/submissions/daily-ai-news/,3,AIHot 生成今日 AI 大模型热点总结,https://workbuddy.homes/cases/submissions/daily-ai-news/assets/aihot-daily-report.png,/article-assets/source-calibration/case-daily-ai-news/003.png,/article-assets/replacements/case-daily-ai-news/003.png,1956,1548,png,awaiting-replacement,
case-jz-2025-showreel-001,/cases/submissions/jz-2025-showreel/,1,粒子球体形成后的初始画面,https://workbuddy.homes/cases/submissions/jz-2025-showreel/assets/showreel-sphere.png,/article-assets/source-calibration/case-jz-2025-showreel/001.png,/article-assets/replacements/case-jz-2025-showreel/001.png,1440,900,png,awaiting-replacement,
case-jz-2025-showreel-002,/cases/submissions/jz-2025-showreel/,2,场景展示效果,https://workbuddy.homes/cases/submissions/jz-2025-showreel/assets/showreel-scene.png,/article-assets/source-calibration/case-jz-2025-showreel/002.png,/article-assets/replacements/case-jz-2025-showreel/002.png,1440,900,png,awaiting-replacement,
case-tea-shop-sales-analysis-001,/cases/submissions/tea-shop-sales-analysis/,1,案例封面：门店运营分析看板,https://workbuddy.homes/cases/submissions/tea-shop-sales-analysis/assets/cover.jpg,/article-assets/source-calibration/case-tea-shop-sales-analysis/001.jpg,/article-assets/replacements/case-tea-shop-sales-analysis/001.jpg,2200,1764,jpg,awaiting-replacement,
case-tea-shop-sales-analysis-002,/cases/submissions/tea-shop-sales-analysis/,2,总部实际收到的门店 Excel：列名、格式、币种单位五花八门,https://workbuddy.homes/cases/submissions/tea-shop-sales-analysis/assets/mess-data.jpg,/article-assets/source-calibration/case-tea-shop-sales-analysis/002.jpg,/article-assets/replacements/case-tea-shop-sales-analysis/002.jpg,2200,1169,jpg,awaiting-replacement,
case-tea-shop-sales-analysis-003,/cases/submissions/tea-shop-sales-analysis/,3,Excel 分析报告,https://workbuddy.homes/cases/submissions/tea-shop-sales-analysis/assets/report-xlsx.jpg,/article-assets/source-calibration/case-tea-shop-sales-analysis/003.jpg,/article-assets/replacements/case-tea-shop-sales-analysis/003.jpg,2200,647,jpg,awaiting-replacement,
case-tea-shop-sales-analysis-004,/cases/submissions/tea-shop-sales-analysis/,4,在 WorkBuddy 中下达任务指令,https://workbuddy.homes/cases/submissions/tea-shop-sales-analysis/assets/workbuddy-task.jpg,/article-assets/source-calibration/case-tea-shop-sales-analysis/004.jpg,/article-assets/replacements/case-tea-shop-sales-analysis/004.jpg,1800,1342,jpg,awaiting-replacement,
case-tea-shop-sales-analysis-005,/cases/submissions/tea-shop-sales-analysis/,5,WorkBuddy 汇报发现的脏数据问题与处理结果,https://workbuddy.homes/cases/submissions/tea-shop-sales-analysis/assets/workbuddy-cleaning.jpg,/article-assets/source-calibration/case-tea-shop-sales-analysis/005.jpg,/article-assets/replacements/case-tea-shop-sales-analysis/005.jpg,2200,1356,jpg,awaiting-replacement,
case-vibe-resume-001,/cases/submissions/vibe-resume/,1,在 WorkBuddy 中安装 Vibe Resume Skill,https://workbuddy.homes/cases/submissions/vibe-resume/assets/install-skill.png,/article-assets/source-calibration/case-vibe-resume/001.png,/article-assets/replacements/case-vibe-resume/001.png,2200,1358,png,awaiting-replacement,
case-vibe-resume-002,/cases/submissions/vibe-resume/,2,Vibe Resume Skill 安装完成,https://workbuddy.homes/cases/submissions/vibe-resume/assets/skill-ready.png,/article-assets/source-calibration/case-vibe-resume/002.png,/article-assets/replacements/case-vibe-resume/002.png,2200,1358,png,awaiting-replacement,
case-vibe-resume-003,/cases/submissions/vibe-resume/,3,WorkBuddy 列出 12 套简历模板,https://workbuddy.homes/cases/submissions/vibe-resume/assets/template-list.png,/article-assets/source-calibration/case-vibe-resume/003.png,/article-assets/replacements/case-vibe-resume/003.png,2200,1358,png,awaiting-replacement,
case-vibe-resume-004,/cases/submissions/vibe-resume/,4,把个人经历、照片和目标岗位发给 WorkBuddy,https://workbuddy.homes/cases/submissions/vibe-resume/assets/send-resume-materials.png,/article-assets/source-calibration/case-vibe-resume/004.png,/article-assets/replacements/case-vibe-resume/004.png,2200,1337,png,awaiting-replacement,
case-vibe-resume-005,/cases/submissions/vibe-resume/,5,WorkBuddy 生成第一版简历,https://workbuddy.homes/cases/submissions/vibe-resume/assets/first-resume-result.png,/article-assets/source-calibration/case-vibe-resume/005.png,/article-assets/replacements/case-vibe-resume/005.png,2200,1333,png,awaiting-replacement,
case-vibe-resume-006,/cases/submissions/vibe-resume/,6,增加经历并调整排版后的简历,https://workbuddy.homes/cases/submissions/vibe-resume/assets/final-resume-result.png,/article-assets/source-calibration/case-vibe-resume/006.png,/article-assets/replacements/case-vibe-resume/006.png,2200,1333,png,awaiting-replacement,
case-wechat-format-publish-001,/cases/submissions/wechat-format-publish/,1,skill安装,https://workbuddy.homes/cases/submissions/wechat-format-publish/assets/skill-install.png,/article-assets/source-calibration/case-wechat-format-publish/001.png,/article-assets/replacements/case-wechat-format-publish/001.png,2831,1473,png,awaiting-replacement,
case-wechat-ima-knowledge-001,/cases/submissions/wechat-ima-knowledge/,1,workbuddy添加ima连接器,https://workbuddy.homes/cases/submissions/wechat-ima-knowledge/assets/%E5%B0%8F%E7%A8%8B%E5%BA%8F%E4%B8%80%E9%94%AE%E5%AD%98%E5%85%A5ima.jpg,/article-assets/source-calibration/case-wechat-ima-knowledge/001.jpg,/article-assets/replacements/case-wechat-ima-knowledge/001.jpg,1206,1341,jpg,awaiting-replacement,
case-wechat-ima-knowledge-002,/cases/submissions/wechat-ima-knowledge/,2,workbuddy添加ima连接器,https://workbuddy.homes/cases/submissions/wechat-ima-knowledge/assets/workbuddy%E6%B7%BB%E5%8A%A0ima%E8%BF%9E%E6%8E%A5%E5%99%A8.png,/article-assets/source-calibration/case-wechat-ima-knowledge/002.png,/article-assets/replacements/case-wechat-ima-knowledge/002.png,1989,1327,png,awaiting-replacement,
community-001,/community/contributing/,1,刘聪NLP 微信二维码,https://workbuddy.homes/community/contacts/liu-cong-nlp.jpg,/article-assets/source-calibration/community/001.jpg,/article-assets/replacements/community/001.jpg,828,1224,jpg,awaiting-replacement,
community-002,/community/contributing/,2,袋鼠帝微信二维码,https://workbuddy.homes/community/contacts/dai-shu-di.jpg,/article-assets/source-calibration/community/002.jpg,/article-assets/replacements/community/002.jpg,888,1131,jpg,awaiting-replacement,
community-003,/community/contributing/,3,甲木微信二维码,https://workbuddy.homes/community/contacts/jia-mu.jpg,/article-assets/source-calibration/community/003.jpg,/article-assets/replacements/community/003.jpg,888,1137,jpg,awaiting-replacement,
community-004,/community/contributing/,4,Joy 微信二维码,https://workbuddy.homes/community/contacts/joy.jpg,/article-assets/source-calibration/community/004.jpg,/article-assets/replacements/community/004.jpg,888,1131,jpg,awaiting-replacement,
help-001,/help/,1,WorkBuddy 场景收集调查问卷二维码,https://workbuddy.homes/help/workbuddy-scenario-survey.png,/article-assets/source-calibration/help/001.png,/article-assets/replacements/help/001.png,1560,1936,png,awaiting-replacement,
